"year","nest","female","male","clutch_size_found","clutch_size","found","floated","end","fate","lat","lon","float_1","float_2","float_3","com"
2006,"2006A1","CA226","802109713",2,2,2006-05-02,2006-05-02,2006-05-12,"aban",-106.9579676,23.90834796,5,2,NA,"abandoned nest is smashed on 516 by car"
2006,"2006A2","CA2082","2m",3,3,2006-05-05,2006-05-05,2006-06-01,"unhatch",-106.9530159,23.90430282,5,8,8,""
2006,"2006A3","802122911","CA143",2,3,2006-05-05,2006-05-05,2006-05-19,"pred",-106.9533507,23.90567095,2,1,NA,""
2006,"2006A4","CA101","CA110",3,3,2006-05-07,2006-05-07,2006-06-07,"unhatch",-106.9583207,23.91418511,1,2,1,"all unhatched eggs contained yellow yolk"
2006,"2006A5","802122914","CA328",3,3,2006-05-08,2006-05-08,2006-05-29,"hatch",-106.9580129,23.9107039,5,1,2,"unhatched egg(s) with yolk only"
2006,"2006A6","6fm","6m",2,2,2006-05-08,2006-05-08,2006-05-09,"pred",-106.9568361,23.91016813,2,2,NA,""
2006,"2006A7","802122913","CA1545",3,3,2006-05-08,2006-05-08,2006-05-31,"hatch",-106.9560643,23.90913061,2,5,1,""
2006,"2006A8","8fm","8m",2,2,2006-05-16,2006-05-16,2006-05-21,"pred",-106.9562508,23.9065189,11,11,NA,""
2006,"2006A101","CA103","CA050",3,3,2006-05-12,2006-05-12,2006-06-06,"hatch",-106.9516529,23.90116906,0,0,0,"1 egg/chick disappeared at hatching, after the first two chicks had hatched"
2006,"2006A102","802122930","102m",2,2,2006-05-12,2006-05-12,2006-05-19,"pred",-106.9508955,23.90239757,5,2,NA,""
2006,"2006A103","CA102","CA052",3,3,2006-05-13,2006-05-13,2006-06-05,"hatch",-106.9525485,23.90522067,2,0,0,"one egg disappeared about 10 days before hatching"
2006,"2006A104","802109760","CA051",3,3,2006-05-13,2006-05-13,2006-06-10,"hatch",-106.9531685,23.90465301,0,0,2,"?unhatched egg(s) with yolk only"
2006,"2006A105","CA2037","105m",3,3,2006-05-13,2006-05-13,2006-05-23,"pred",-106.9502135,23.90144916,8,8,10,""
2006,"2006A106","106fm","106m",3,3,2006-05-13,2006-05-13,2006-05-23,"pred",NA,NA,0,2,0,""
2006,"2006B1","CA241","802109744",3,3,2006-05-02,2006-05-02,2006-05-26,"hatch",-106.963731,23.91214779,5,5,5,"518 male found dead 2 m next to nest, on egg broken; 525 both remaining eggs pecking; 526 one egg hatched but chick found dead in nest, last egg unhatched "
2006,"2006B2","CA245","802122903",2,2,2006-05-02,2006-05-02,2006-05-29,"hatch",-106.9637869,23.91194845,1,2,NA,"503 one egg disappeared"
2006,"2006B3","CA039","CA203",3,3,2006-05-03,2006-05-03,2006-05-13,"aban",-106.9638637,23.91378031,8,8,5,""
2006,"2006B4","802122928","802122925",2,3,2006-05-07,2006-05-07,2006-06-02,"hatch",-106.9626642,23.9117461,1,0,NA,""
2006,"2006B5","802109721","CA057",3,3,2006-05-08,2006-05-08,2006-06-05,"hatch",-106.9625633,23.91286696,2,2,1,""
2006,"2006B6","RX.WX|YX.WX","RX.WX|YX.BX",3,3,2006-05-14,2006-05-14,2006-06-05,"hatch",-106.9634379,23.91420108,2,1,1,"unhatched egg(s) with yolk only"
2006,"2006B7","CA112","CA043",3,3,2006-05-17,2006-05-17,2006-06-08,"hatch",-106.9622833,23.91188639,5,5,2,"unhatched egg(s) with yolk only"
2006,"2006B8","CA113","CA042",3,3,2006-05-27,2006-05-27,2006-06-11,"hatch",-106.9645044,23.91328457,8,11,8,""
2006,"2006B9","9fm","CA080",3,3,2006-06-01,2006-06-01,2006-06-07,"aban",-106.963584,23.91346788,11,10,11,""
2006,"2006B101","101fm","802109714",3,3,2006-05-04,2006-05-04,2006-05-09,"pred",-106.9652853,23.91361768,2,0,0,""
2006,"2006B102","102fm","102m",3,3,2006-05-12,2006-05-12,2006-05-19,"pred",-106.9671287,23.91471367,5,0,2,""
2006,"2006B207","CA204","CA203",3,3,2006-06-06,2006-06-06,2006-06-18,"hatch",-106.9631951,23.91438475,10,8,8,"1 egg/chick disappeared at hatching, after the first two chicks had hatched"
2006,"2006B208","CA126","CA091",NA,3,2006-06-07,NA,2006-06-07,"hatch",-106.9631788,23.91395158,NA,NA,NA,"nest with 2 chicks hatched already"
2006,"2006B209","CA125","CA123",NA,3,2006-06-07,NA,2006-06-07,"hatch",-106.9623336,23.91261708,NA,NA,NA,"nest with 1 chicks hatched already"
2006,"2006C1","CA177","CA220",3,3,2006-05-03,2006-05-03,2006-05-19,"hatch",-106.9599673,23.91721586,11,11,10,""
2006,"2006C2","2fm","2m",1,1,2006-05-07,2006-05-07,2006-05-10,"pred",-106.9591371,23.91426499,1,NA,NA,""
2006,"2006C3","CA202","CA156",3,3,2006-05-07,2006-05-07,2006-05-20,"pred",-106.9604,23.91529623,5,8,8,""
2006,"2006C4","4fm","4m",1,1,2006-05-08,2006-05-08,2006-05-08,"aban",-106.9622376,23.91471299,5,NA,NA,"nest probably abandoned before"
2006,"2006C5","802109742","CA007",3,3,2006-05-12,2006-05-12,2006-06-03,"hatch",-106.9597683,23.91899707,5,8,10,"unhatched egg(s) with yolk only"
2006,"2006C6","CA011","802109793",3,3,2006-05-12,2006-05-12,2006-06-10,"unhatch",-106.9601854,23.91734851,5,5,5,"1 dead embryo < 15 days old, 2 eggs with yolk only"
2006,"2006C7","CA002","CA001",3,3,2006-05-12,2006-05-12,2006-06-02,"hatch",-106.960203,23.91786293,8,5,2,""
2006,"2006C8","CA015","CA029",3,3,2006-05-13,2006-05-13,2006-06-08,"hatch",-106.959884,23.91690091,2,2,0,"526 one egg missing, 609 broke last egg: red yolk inside"
2006,"2006C9","CA012","CA030",3,3,2006-05-13,2006-05-13,2006-06-13,"unhatch",-106.9588213,23.91677,2,2,1,"unhatched egg(s) with yolk only"
2006,"2006C10","CA034","CA013",2,3,2006-05-13,2006-05-13,2006-06-12,"hatch",-106.9592293,23.91581677,0,0,NA,""
2006,"2006C11","CA003","802109716",2,2,2006-05-14,2006-05-14,2006-05-27,"pred",-106.9613198,23.91376765,1,0,NA,""
2006,"2006C12","CA010","CA054",3,3,2006-05-16,2006-05-16,2006-06-08,"hatch",-106.9611711,23.91887986,5,5,2,"606 one egg missing, 609 broke last egg with yolk only inside"
2006,"2006C13","CA036","CA008",2,3,2006-05-20,2006-05-20,2006-06-16,"hatch",-106.9568302,23.91694886,0,2,NA,""
2006,"2006C14","14fm","14m",3,3,2006-05-20,2006-05-20,2006-05-26,"pred",-106.9595173,23.91602979,2,2,2,""
2006,"2006C15","CA1526","802109768",2,2,2006-05-23,2006-05-23,2006-06-18,"unhatch",-106.9610792,23.91474584,8,5,NA,"?unhatched egg(s) with yolk only"
2006,"2006C16","CA047","CA114",3,3,2006-05-23,2006-05-23,2006-06-15,"hatch",-106.9620198,23.9145984,2,1,5,""
2006,"2006C17","CA219","CA220",2,3,2006-06-02,2006-06-02,2006-06-22,"pred",-106.9623833,23.91460279,2,1,NA,""
2006,"2006C18","802109785","18m",2,3,2006-06-08,2006-06-08,2006-06-22,"pred",-106.9599715,23.91488637,0,1,NA,""
2006,"2006C19","CA152","CA165",3,3,2006-06-10,2006-06-10,2006-06-20,"pred",-106.9601487,23.91687045,0,2,2,""
2006,"2006C20","CA137","CA107",3,3,2006-06-11,2006-06-11,2006-07-03,"hatch",-106.9611874,23.91671273,5,2,5,"?unhatched egg(s) with yolk only"
2006,"2006C21","CA002","CA231",1,3,2006-06-14,2006-06-14,2006-06-30,"aban",-106.9597523,23.91533158,0,NA,NA,""
2006,"2006C22","CA262","CA233",1,3,2006-06-16,2006-06-16,2006-07-10,"unknown",-106.9572465,23.91654629,0,NA,NA,""
2006,"2006C23","CA003","23m",1,2,2006-06-22,2006-06-22,NA,"unknown",-106.9598341,23.91554722,2,NA,NA,""
2006,"2006C24","CA082","CA280",3,3,2006-06-22,2006-06-22,NA,"unknown",-106.9595634,23.9151805,8,1,1,""
2006,"2006C25","CA266","CA301",3,3,2006-06-22,2006-06-22,2006-07-03,"aban",-106.9595327,23.91509963,2,0,1,""
2006,"2006C26","CA314","26m",1,3,2006-06-23,2006-06-23,NA,"unknown",-106.9593673,23.9139009,1,NA,NA,""
2006,"2006C27","802109771","CA235",3,3,2006-06-23,2006-06-23,NA,"unknown",-106.9601034,23.91451451,8,5,8,""
2006,"2006C28","CA1579","CA029",2,3,2006-06-23,2006-06-23,NA,"unknown",-106.9597871,23.91633333,2,0,NA,""
2006,"2006C29","29fm","29m",2,2,2006-06-23,2006-06-23,NA,"unknown",-106.9602161,23.9167793,0,2,NA,""
2006,"2006C30","CA310","802109780",3,3,2006-06-23,2006-06-23,2006-07-07,"hatch",-106.9593544,23.91760288,8,8,8,""
2006,"2006C31","CA234","802109714",3,3,2006-06-23,2006-06-23,NA,"unknown",-106.959087,23.91810288,5,10,8,""
2006,"2006C32","CA012","CA030",2,2,2006-06-23,2006-06-23,NA,"unknown",-106.9583811,23.91688396,2,1,NA,""
2006,"2006C33","CA015","CA253",3,3,2006-06-26,2006-06-26,NA,"unknown",-106.9604149,23.91367988,5,5,8,""
2006,"2006C34","CA1526","34m",2,2,2006-06-29,2006-06-29,NA,"unknown",-106.961014,23.91433134,2,1,NA,""
2006,"2006C35","35fm","35m",3,3,2006-07-09,2006-07-09,NA,"unknown",-106.960436,23.91572915,11,8,11,""
2006,"2006C36","802109729","36m",3,3,2006-07-09,2006-07-09,NA,"unknown",-106.9599546,23.91506716,8,5,5,""
2006,"2006C37","37fm","CA026",3,3,2006-07-09,2006-07-09,NA,"unknown",-106.9601029,23.91578757,5,8,8,""
2006,"2006C38","38fm","BX.WX|BX.OX",3,3,2006-07-09,2006-07-09,NA,"unknown",-106.9603211,23.91592925,11,8,8,""
2006,"2006C39","CA152","CA165",2,2,2006-07-09,2006-07-09,NA,"unknown",-106.960502,23.91619781,5,5,NA,""
2006,"2006C101","101fm","101m",1,1,2006-05-03,2006-05-03,2006-05-03,"aban",-106.9620483,23.91453483,0,NA,NA,"nest not incubated"
2006,"2006C103","103fm","103m",2,2,2006-05-03,2006-05-03,2006-05-05,"pred",-106.9591859,23.91554646,5,2,NA,""
2006,"2006C104","104fm","104m",1,1,2006-05-04,2006-05-04,2006-05-04,"aban",-106.9588838,23.9157038,5,NA,NA,"nest probably abandoned before"
2006,"2006C105","CA219","802122906",3,3,2006-05-05,2006-05-05,2006-05-27,"hatch",-106.9608017,23.91718715,5,2,0,""
2006,"2006C106","CA096","106m",3,3,2006-05-12,2006-05-12,2006-05-27,"pred",-106.961899,23.91440131,0,0,0,""
2006,"2006C107","RX.WX|RX.GX","YX.BX|BX.RX",3,3,2006-05-14,2006-05-14,2006-06-01,"hatch",-106.9622881,23.91350249,8,8,8,"?unhatched egg(s) with yolk only"
2006,"2006C108","CA118","108m",3,3,2006-05-20,2006-05-20,2006-06-10,"unknown",-106.9632794,23.91411281,2,2,0,""
2006,"2006C109","109fm","109m",3,3,2006-05-20,2006-05-20,2006-06-02,"pred",-106.9622349,23.91388238,0,2,2,""
2006,"2006C110","CA044","CA058",3,3,2006-05-21,2006-05-21,2006-06-07,"pred",-106.9612701,23.91633247,8,8,5,""
2006,"2006C111","111fm","111m",3,3,2006-05-24,2006-05-24,2006-06-04,"hatch",-106.9607,23.9169537,8,8,5,"caught one chick close to nest scrape in a 2nd attempt on 605, broke the two remaining eggs two days later, yolk inside"
2006,"2006C112","CA134","802109735",3,3,2006-05-24,2006-05-24,2006-06-14,"hatch",-106.9600968,23.91343113,2,2,5,""
2006,"2006C113","CA140","CA166",3,3,2006-06-06,2006-06-06,2006-06-30,"hatch",-106.9593527,23.91618538,0,5,1,"dead embryo in unhatched egg"
2006,"2006C201","CA014","CA139",2,3,2006-06-06,2006-06-06,2006-07-10,"unhatch",-106.9664698,23.91790023,0,1,NA,""
2006,"2006C205","205fm","205m",3,3,2006-06-06,2006-06-06,2006-06-14,"aban",-106.962317,23.91411608,5,1,5,""
2006,"2006C206","CA136","206m",3,3,2006-06-06,2006-06-06,2006-06-14,"hatch",-106.9627534,23.91439943,8,10,11,""
2006,"2006C210","CA151","CA201",3,3,2006-06-07,2006-06-07,2006-06-26,"hatch",-106.9608806,23.91330376,10,8,8,""
2006,"2006C211","CA096","CA098",3,3,2006-06-07,2006-06-07,2006-06-25,"hatch",-106.9618287,23.91430289,8,8,5,"unhatched egg(s) with yolk only"
2006,"2006C212","CA158","CA153",3,3,2006-06-07,2006-06-07,2006-06-16,"pred",-106.9622518,23.91500173,0,0,1,""
2006,"2006C213","CA135","CA154",3,3,2006-06-07,2006-06-07,2006-06-19,"hatch",-106.9596821,23.91328293,10,8,8,"chicks ringed a few days after hatching, risk of brood mixing"
2006,"2006C214","CA202","CA156",3,3,2006-06-07,2006-06-07,2006-06-19,"unknown",-106.9608024,23.91528207,8,5,5,""
2006,"2006D1","BX.WX|GX.BX","802122919",3,3,2006-05-03,2006-05-03,2006-05-19,"hatch",-106.9637009,23.92185414,8,8,8,""
2006,"2006D2","802109785","BX.WX|gX.XX",3,3,2006-05-03,2006-05-03,2006-05-27,"hatch",-106.9646173,23.92205009,1,2,2,""
2006,"2006D3","3fm","CA027",3,3,2006-05-12,2006-05-12,2006-05-31,"pred",-106.9639328,23.9209483,2,5,2,""
2006,"2006D4","CA020","CA068",2,3,2006-05-14,2006-05-14,2006-06-09,"hatch",-106.9656703,23.91439826,2,1,NA,""
2006,"2006D5","CA039","CA026",3,3,2006-05-16,2006-05-16,2006-06-10,"pred",-106.9652531,23.92187041,0,1,2,""
2006,"2006D6","CA014","6m",3,3,2006-05-16,2006-05-16,2006-05-25,"hatch",-106.9628703,23.92148554,11,11,10,""
2006,"2006D7","CA025","CA040",2,3,2006-05-21,2006-05-21,2006-06-18,"hatch",-106.9631851,23.92021749,1,0,NA,""
2006,"2006D8","CA081","CA065",3,3,2006-05-23,2006-05-23,2006-06-08,"hatch",-106.96373,23.9146849,8,8,8,""
2006,"2006D9","CA082","CA067",3,3,2006-05-23,2006-05-23,2006-06-07,"unknown",-106.9652137,23.91407906,8,8,5,""
2006,"2006D10","CA021","802109790",3,3,2006-05-23,2006-05-23,2006-06-10,"pred",-106.9664298,23.91461426,0,2,2,""
2006,"2006D11","CA019","CA069",3,3,2006-05-23,2006-05-23,2006-06-11,"hatch",-106.9655847,23.91523001,2,8,5,""
2006,"2006D12","CA018","12m",3,3,2006-05-23,2006-05-23,2006-06-04,"pred",-106.9654475,23.91524982,5,2,5,""
2006,"2006D13","CA2082","CA092",2,2,2006-06-01,2006-06-01,2006-06-21,"hatch",-106.9640365,23.91676664,5,2,NA,"unhatched egg(s) with yolk only"
2006,"2006D14","CA133","802109746",3,3,2006-05-28,2006-05-28,2006-06-20,"hatch",-106.9646958,23.91944879,2,2,2,"615 one egg missing, unhatched egg with yolk only, chick not ringed"
2006,"2006D15","CA132","CA093",3,3,2006-05-23,2006-05-23,2006-06-11,"pred",-106.9641371,23.91886906,2,2,5,""
2006,"2006D16","802109729","CA138",3,3,2006-06-11,2006-06-11,2006-06-18,"pred",-106.9630012,23.91780012,8,8,8,""
2006,"2006D17","CA173","CA2073",3,3,2006-06-12,2006-06-12,2006-06-24,"hatch",-106.9636031,23.91928218,11,10,10,""
2006,"2006D18","CA190","CA180",3,3,2006-06-12,2006-06-12,2006-07-06,"hatch",-106.9643995,23.92128542,2,1,0,"one unhatched egg with yolk, the other with dead embryo inside"
2006,"2006D19","19fm","19m",3,3,2006-06-12,2006-06-12,2006-06-15,"pred",-106.9652852,23.92075043,5,8,5,""
2006,"2006D20","CA177","CA142",3,3,2006-06-12,2006-06-12,2006-06-21,"pred",-106.9638155,23.91838562,11,11,11,""
2006,"2006D21","802122911","CA143",3,3,2006-06-12,2006-06-12,2006-06-23,"hatch",-106.963888,23.91733735,8,10,11,"?unhatched egg(s) with yolk only"
2006,"2006D22","CA144","CA179",3,3,2006-06-13,2006-06-13,2006-06-30,"hatch",-106.9632533,23.91823028,5,5,5,""
2006,"2006D23","CA198","CA2224",3,3,2006-06-13,2006-06-13,2006-06-27,"hatch",-106.9663859,23.91689911,8,8,8,"chick ringed a few days after hatching, risk of brood mixing"
2006,"2006D24","CA245","CA230",3,3,2006-06-13,2006-06-13,2006-07-07,"hatch",-106.9666164,23.91720314,2,1,2,"unhatched egg(s) with yolk only"
2006,"2006D25","CA197","CA229",3,3,2006-06-15,2006-06-15,2006-07-07,"hatch",-106.9661119,23.91761589,5,2,1,""
2006,"2006D26","26fm","CA240",1,3,2006-06-16,2006-06-16,NA,"unknown",-106.9647198,23.91583697,0,NA,NA,""
2006,"2006D27","CA241","CA247",1,3,2006-06-16,2006-06-16,NA,"unknown",-106.9654007,23.91540391,0,NA,NA,""
2006,"2006D28","CA242","CA104",3,3,2006-06-16,2006-06-16,2006-06-30,"hatch",-106.9657042,23.91533682,8,8,8,""
2006,"2006D29","29fm","29m",3,3,2006-06-16,2006-06-16,2006-06-17,"pred",-106.9661832,23.91518623,11,11,11,""
2006,"2006D30","CA243","CA279",1,3,2006-06-16,2006-06-16,2006-07-04,"aban",-106.9664485,23.91455082,1,NA,NA,""
2006,"2006D31","RX.OX|RX.YX","CA168",3,3,2006-06-16,2006-06-16,2006-06-19,"hatch",-106.966887,23.91496957,11,11,11,"unhatched egg(s) with yolk only"
2006,"2006D32","CA221","CA278",3,3,2006-06-16,2006-06-16,2006-07-08,"hatch",-106.9671809,23.91557073,5,1,5,""
2006,"2006D33","CA193","CA170",3,3,2006-06-16,2006-06-16,2006-06-30,"hatch",-106.9669502,23.91524865,8,8,10,""
2006,"2006D34","CA171","CA172",3,3,2006-06-16,2006-06-16,2006-06-18,"hatch",-106.9666495,23.91614635,11,11,11,""
2006,"2006D35","CA189","CA181",3,3,2006-06-17,2006-06-17,2006-07-04,"hatch",-106.9637316,23.92063486,5,8,8,""
2006,"2006D36","CA191","CA027",3,3,2006-06-17,2006-06-17,2006-06-28,"hatch",-106.964715,23.92136265,11,8,11,"unhatched egg(s) with yolk only"
2006,"2006D37","CA252","CA265",3,3,2006-06-19,2006-06-19,2006-07-08,"hatch",-106.9634347,23.92048516,2,5,8,""
2006,"2006D38","38fm","38m",3,3,2006-06-21,2006-06-21,2006-07-03,"unknown",-106.9655189,23.91932089,10,8,8,"two eggs abandoned, other egg unclear whether hatched or destroyed"
2006,"2006D39","CA226","802109745",3,3,2006-06-21,2006-06-21,2006-07-08,"hatch",-106.9656619,23.91968021,8,5,8,"703 one egg missing"
2006,"2006D40","BX.WX|SX.","CA264",2,2,2006-06-21,2006-06-21,2006-07-03,"hatch",-106.9648166,23.92158707,8,8,NA,"unhatched egg(s) with yolk only"
2006,"2006D41","CA112","BX.WX|gX.XX",3,3,2006-07-03,2006-07-03,NA,"unknown",-106.9649482,23.92184722,5,5,5,""
2006,"2006D42","CA036","42m",3,3,2006-07-04,2006-07-04,NA,"unknown",-106.962431,23.91841233,8,8,8,""
2006,"2006D43","CA307","CA308",NA,2,2006-07-04,NA,2006-07-04,"hatch",-106.9618846,23.91540369,NA,NA,NA,"found freshly hatched chick in the nest scrape, unhatched egg with yolk only, not clear whether there was a second chick"
2006,"2006D44","44fm","CA328",3,3,2006-07-06,2006-07-06,NA,"unknown",-106.966047,23.91786953,8,11,11,""
2006,"2006D45","45fm","CA327",3,3,2006-07-06,2006-07-06,NA,"unknown",-106.9661505,23.91497899,5,2,5,""
2006,"2006D46","CA019","46m",2,2,2006-07-06,2006-07-06,NA,"unknown",-106.9660529,23.91436628,8,8,NA,""
2006,"2006D47","CA141","47m",3,3,2006-07-06,2006-07-06,NA,"unknown",-106.9615995,23.91863061,1,2,2,""
2006,"2006D101","CA190","CA180",2,3,2006-05-04,2006-05-04,2006-05-31,"unknown",-106.9641663,23.92145092,2,0,NA,""
2006,"2006D102","802122910","802122915",3,3,2006-05-07,2006-05-07,2006-05-29,"hatch",-106.9640636,23.92180436,0,5,2,"2 eggs/chicks disappeared at hatching, after the first chick had hatched"
2006,"2006D103","BX.WX|SX.","CA264",3,3,2006-05-07,2006-05-07,2006-05-27,"pred",-106.9644209,23.9220526,5,2,0,""
2006,"2006D104","104fm","104m",3,3,2006-05-14,2006-05-14,2006-06-04,"unknown",-106.9642691,23.91461481,0,2,0,""
2006,"2006D105","105fm","105m",3,3,2006-05-14,2006-05-14,2006-05-23,"pred",-106.9627511,23.91489604,2,0,2,""
2006,"2006D106","106fm","106m",3,3,2006-05-14,2006-05-14,2006-05-31,"pred",-106.9621462,23.9151656,0,0,0,""
2006,"2006D107","CA064","CA115",3,3,2006-05-20,2006-05-20,2006-06-09,"unknown",-106.9638121,23.9149186,0,0,0,""
2006,"2006D108","CA117","CA062",3,3,2006-05-20,2006-05-20,2006-06-09,"unknown",-106.9632485,23.91531404,2,0,5,""
2006,"2006D109","109fm","109m",3,3,2006-05-20,2006-05-20,2006-05-21,"pred",NA,NA,0,0,2,""
2006,"2006D110","110fm","110m",3,3,2006-05-20,2006-05-20,2006-06-02,"pred",NA,NA,0,2,5,""
2006,"2006D111","111fm","CA107",3,3,2006-05-21,2006-05-21,2006-05-31,"pred",-106.9666465,23.91659783,2,2,0,""
2006,"2006D112","112fm","CA108",3,3,2006-05-21,2006-05-21,2006-06-05,"pred",-106.9662285,23.91688307,0,0,0,""
2006,"2006D113","CA063","CA078",3,3,2006-05-24,2006-05-24,2006-06-06,"hatch",-106.9634349,23.91465256,8,8,8,""
2006,"2006D114","CA066","CA079",3,3,2006-05-24,2006-05-24,2006-06-07,"hatch",-106.9639999,23.91434739,2,2,5,"only one chick ringed a few days after hatching"
2006,"2006D115","115fm","115m",3,3,2006-05-24,2006-05-24,2006-06-04,"broken",-106.9650315,23.91502039,8,5,5,"accidentially stepped on nest"
2006,"2006D116","BX.WX|BX.SX","802109713",2,3,2006-05-24,2006-05-24,2006-06-20,"hatch",-106.9650343,23.91650108,0,0,NA,""
2006,"2006D117","CA060","CA049",3,3,2006-05-24,2006-05-24,2006-06-04,"hatch",-106.9614861,23.91632971,5,8,5,"unhatched egg(s) with yolk only"
2006,"2006D118","CA122","CA109",3,3,2006-05-26,2006-05-26,2006-06-14,"hatch",-106.965514,23.91769577,2,2,5,"chick ringed a few days after hatching, risk of brood mixing"
2006,"2006D119","CA061","CA048",2,3,2006-05-26,2006-05-26,2006-06-20,"hatch",-106.9623455,23.91535266,0,0,NA,""
2006,"2006D120","CA216","CA155",2,3,2006-06-06,2006-06-06,2006-06-16,"pred",-106.9628962,23.9153998,2,8,NA,""
2006,"2006D122","122fm","122m",3,3,2006-06-07,2006-06-07,2006-06-09,"pred",-106.9651836,23.91468438,10,10,10,"?2 dead emryos and one egg with yolk only"
2006,"2006D202","CA099","CA210",3,3,2006-06-06,2006-06-06,2006-06-28,"hatch",-106.9621042,23.91953608,1,0,2,"unhatched egg(s) with yolk only"
2006,"2006D203","BX.WX|GX.BX","CA211",3,3,2006-06-06,2006-06-06,2006-06-28,"hatch",-106.9626983,23.91985353,1,2,5,"one unhatched egg with yolk, the other with dead embryo inside"
2006,"2006D204","CA141","RX.YX|RX.sX",3,3,2006-06-06,2006-06-06,2006-06-21,"pred",-106.9621792,23.91735015,5,5,1,""
2006,"2006E1","CA035","CA031",3,3,2006-05-13,2006-05-13,2006-06-07,"unhatch",-106.9547666,23.91426647,2,2,5,"602 found one egg with dead embryo close to nest, 606 broke last eggs: one with dead embryo, one with yolk inside"
2006,"2006E2","CA159","CA178",1,3,2006-06-02,2006-06-02,2006-06-25,"pred",-106.9564634,23.9160687,0,NA,NA,""
2006,"2006F1","CA2085","1m",1,1,2006-06-15,2006-06-15,2006-06-25,"aban",-106.9650528,23.92227024,5,NA,NA,""
2007,"2007A1","CA262","802109735",1,3,2007-04-29,2007-04-29,2007-05-28,"hatch",-106.9592648,23.91296321,1,NA,NA,""
2007,"2007A2","CA1254","CA008",1,3,2007-04-29,2007-04-29,2007-05-31,"unhatch",-106.9578141,23.91250317,2,NA,NA,""
2007,"2007A3","CA1526","CA123",1,3,2007-04-29,2007-04-29,2007-05-29,"hatch",-106.9592279,23.91051687,0,NA,NA,""
2007,"2007A4","CA226","CA110",3,3,2007-05-06,2007-05-06,2007-06-01,"hatch",-106.9594282,23.91012608,2,1,1,""
2007,"2007A5","CA1255","CA1260",3,3,2007-05-06,2007-05-06,2007-05-30,"hatch",-106.9580461,23.90834695,2,1,2,""
2007,"2007A6","CA1256","CA1259",3,3,2007-05-06,2007-05-06,2007-05-28,"hatch",-106.9578845,23.90740099,5,2,5,""
2007,"2007A7","CA072","CA1234",3,3,2007-05-16,2007-05-16,2007-06-09,"hatch",-106.9565988,23.90745347,1,2,5,""
2007,"2007A8","CA177","CA220",1,3,2007-05-16,2007-05-16,2007-06-13,"hatch",-106.954754,23.90559894,1,NA,NA,""
2007,"2007A9","CA1281","CA1301",2,3,2007-05-16,2007-05-16,2007-06-11,"hatch",-106.9549162,23.90463079,1,2,NA,""
2007,"2007A101","101fm","101m",1,1,2007-04-29,2007-04-29,NA,"aban",-106.9535424,23.90274317,1,NA,NA,""
2007,"2007A102","CA1210","CA115",3,3,2007-04-29,2007-04-29,2007-05-23,"hatch",-106.9558009,23.90860126,1,5,2,""
2007,"2007A103","CA1253","CA1223",1,3,2007-04-30,2007-04-30,2007-05-31,"hatch",-106.9575246,23.90763129,1,NA,NA,""
2007,"2007A104","CA1279","CA1272",2,3,2007-05-15,2007-05-15,2007-06-03,"pred",-106.9588733,23.91044916,2,NA,NA,"Broken egg while it was being mesure. Egg 2"
2007,"2007A105","105fm","105m",1,1,2007-05-17,2007-05-17,NA,"aban",-106.9536638,23.90428556,2,NA,NA,"Sterna anillarum invaded this nest."
2007,"2007A106","802109729","CA138",1,3,2007-05-18,2007-05-18,2007-06-15,"hatch",-106.9513332,23.90211212,1,NA,NA,""
2007,"2007A107","CA1273","CA2040",2,2,2007-05-18,2007-05-18,2007-06-01,"pred",-106.9519318,23.90600498,1,2,NA,""
2007,"2007A108","CA060","CA166",2,2,2007-05-18,2007-05-18,2007-06-01,"aban",-106.9535152,23.90811568,8,2,NA,""
2007,"2007A109","CA101","CA098",3,3,2007-05-19,2007-05-19,2007-06-06,"pred",-106.9556155,23.90998503,2,5,1,""
2007,"2007A110","CA015","CA2073",2,2,2007-05-22,2007-05-22,2007-06-10,"unhatch",-106.9584547,23.91329858,10,11,NA,""
2007,"2007A111","CA2082","111m",3,3,2007-05-23,2007-05-23,2007-06-13,"aban",-106.9538697,23.90491496,1,2,2,""
2007,"2007A112","CA1302","CA1300",3,3,2007-05-23,2007-05-23,2007-06-09,"hatch",-106.9544071,23.90538666,5,2,5,""
2007,"2007A113","CA1297","CA1310",2,3,2007-05-24,2007-05-24,2007-06-19,"hatch",-106.9576731,23.90966089,1,0,NA,""
2007,"2007A114","802109785","CA247",3,3,2007-05-24,2007-05-24,2007-06-06,"pred",-106.9563298,23.90915432,1,2,1,""
2007,"2007A115","CA1280","CA1425",3,3,2007-05-24,2007-05-24,2007-06-16,"hatch",-106.9555919,23.90906439,2,5,1,""
2007,"2007A116","116fm","116m",1,1,2007-05-25,2007-05-25,2007-06-02,"aban",-106.9555078,23.91000446,11,NA,NA,""
2007,"2007A117","CA1251","CA093",3,3,2007-05-25,2007-05-25,2007-06-11,"pred",-106.9563947,23.90955076,2,5,5,""
2007,"2007A118","CA1298","CA1320",1,3,2007-05-25,2007-05-25,2007-06-24,"hatch",-106.9544416,23.90637037,0,NA,NA,""
2007,"2007A119","CA1299","CA1309",3,3,2007-05-25,2007-05-25,2007-06-17,"hatch",-106.9541806,23.90599447,1,2,0,""
2007,"2007A120","CA152","802109713",3,3,2007-05-28,2007-05-28,2007-06-14,"pred",-106.9572101,23.90891739,5,5,5,""
2007,"2007A121","CA171","CA1336",3,3,2007-06-04,2007-06-04,2007-06-21,"hatch",-106.9565618,23.90760743,5,5,2,""
2007,"2007A122","CA1331","CA172",3,3,2007-06-10,2007-06-10,2007-06-25,"hatch",-106.9559234,23.9082566,8,8,5,"ONE BROKEN EGG. WHILE ONE OF THE PARENTS WERE TRAP."
2007,"2007A123","CA044","123m",NA,3,2007-06-10,NA,2007-06-10,"hatch",-106.9537855,23.90519593,NA,NA,NA,"About to be born. "
2007,"2007A124","CA1210","CA1313",3,3,2007-06-11,2007-06-11,2007-06-28,"hatch",-106.9517615,23.90382216,8,8,5,"2 FLOODED"
2007,"2007A125","CA204","CA235",3,3,2007-06-11,2007-06-11,2007-06-28,"hatch",-106.952737,23.90534468,8,5,2,"ONE FLOODED"
2007,"2007A126","CA216","CA178",3,3,2007-06-12,2007-06-12,2007-06-19,"pred",-106.9519024,23.90535528,11,11,11,""
2007,"2007A127","CA1273","CA2040",3,3,2007-06-12,2007-06-12,2007-07-02,"hatch",-106.9520861,23.90582245,2,2,5,""
2007,"2007A128","CA125","CA1314",3,3,2007-06-12,2007-06-12,2007-06-26,"hatch",-106.9522402,23.90692201,8,8,5,""
2007,"2007A129","CA1330","CA1321",2,2,2007-06-12,2007-06-12,2007-06-25,"pred",-106.9551478,23.90761639,2,2,NA,""
2007,"2007A130","CA081","CA143",3,3,2007-06-12,2007-06-12,2007-06-29,"hatch",-106.9565938,23.90842865,10,8,8,""
2007,"2007A131","CA1332","RX.gX|BX.WX",3,3,2007-06-13,2007-06-13,2007-06-28,"hatch",-106.9553954,23.90579845,8,10,8,""
2007,"2007A132","CA1333","CA1319",3,3,2007-06-13,2007-06-13,2007-06-27,"hatch",-106.9548928,23.90502836,5,8,8,""
2007,"2007A133","CA1318","CA1312",3,3,2007-06-13,2007-06-13,2007-06-17,"hatch",-106.9526653,23.9031877,11,11,11,""
2007,"2007A134","CA1371","CA1349",3,3,2007-06-24,2007-06-24,2007-07-02,"hatch",-106.9578714,23.90978476,8,11,10,""
2007,"2007A201","201fm","201m",1,1,2007-05-07,2007-05-07,2007-05-14,"pred",-106.9579555,23.90885372,0,NA,NA,""
2007,"2007A202","CA1268","802109716",3,3,2007-05-10,2007-05-10,2007-06-01,"hatch",-106.9589198,23.9109271,0,2,5,""
2007,"2007A203","CA190","CA108",3,3,2007-05-10,2007-05-10,2007-06-01,"hatch",-106.9586286,23.9085472,10,5,2,""
2007,"2007A204","CA035","CA069",3,3,2007-05-11,2007-05-11,2007-05-25,"hatch",-106.9520647,23.9024369,NA,5,10,"ONE BROKEN EGG"
2007,"2007A205","CA266","CA1230",3,3,2007-05-11,2007-05-11,2007-05-24,"pred",-106.9517896,23.90242233,8,5,2,""
2007,"2007A206","CA2037","CA1229",3,3,2007-05-11,2007-05-11,2007-05-30,"hatch",-106.9508548,23.90164869,2,8,5,""
2007,"2007A207","CA1267","CA048",3,3,2007-05-11,2007-05-11,2007-06-05,"hatch",-106.9550872,23.91011815,2,5,0,"one egg broken"
2007,"2007A301","CA151","CA153",NA,3,2007-06-23,NA,2007-06-25,"hatch",-106.9570954,23.91173584,NA,NA,NA,""
2007,"2007B1","CA034","RX.MX|YX.BX",2,2,2007-04-28,2007-04-28,2007-05-18,"hatch",-106.9646107,23.91252479,11,5,NA,""
2007,"2007B2","802109729","CA138",2,3,2007-05-01,2007-05-01,2007-05-12,"pred",-106.9639467,23.91212698,2,1,NA,""
2007,"2007B3","CA1251","CA093",2,2,2007-04-28,2007-04-28,2007-05-10,"pred",-106.9638451,23.91320271,10,11,NA,""
2007,"2007B4","CA112","802122925",1,3,2007-04-29,2007-04-29,2007-05-29,"hatch",-106.9629346,23.91144469,0,NA,NA,""
2007,"2007B5","BX.WX|BX.SX","CA1343",NA,3,2007-06-03,NA,2007-06-26,"hatch",-106.9729174,23.92014701,NA,NA,NA,""
2007,"2007B6","CA132","CA279",NA,3,2007-06-10,NA,2007-07-05,"hatch",-106.9750733,23.92176255,NA,NA,NA,""
2007,"2007B7","CA1323","CA051",3,3,2007-06-10,2007-06-10,2007-07-05,"unhatch",-106.9630199,23.91448631,5,11,8,""
2007,"2007B8","802109785","CA247",3,3,2007-06-20,2007-06-20,2007-07-04,"pred",-106.9716208,23.91884545,5,5,2,""
2007,"2007B9","CA226","9m",3,3,2007-06-23,2007-06-23,2007-06-26,"pred",-106.9743371,23.92179007,2,1,2,""
2007,"2007B13","13fm","13m",1,1,2007-07-10,2007-07-10,2007-07-12,"unknown",-106.9722996,23.92732378,0,NA,NA,""
2007,"2007B101","CA1258","CA1270",3,3,2007-05-06,2007-05-06,2007-05-28,"hatch",-106.9650619,23.91378305,8,5,8,""
2007,"2007B102","CA1266","CA1226",3,3,2007-05-16,2007-05-16,2007-06-02,"pred",-106.96115,23.91097992,2,5,8,""
2007,"2007B103","CA1265","CA078",NA,2,2007-05-16,NA,2007-05-17,"hatch",-106.9606702,23.91042625,NA,NA,NA,"About to be born. Already nocking?."
2007,"2007B104","CA243","CA043",3,3,2007-05-19,2007-05-19,2007-06-11,"hatch",-106.9619575,23.91242325,5,1,2,""
2007,"2007B105","CA1271","105m",3,3,2007-05-19,2007-05-19,2007-06-12,"hatch",-106.9621991,23.91346751,2,1,5,""
2007,"2007B106","CA136","CA230",3,3,2007-06-06,2007-06-06,2007-06-25,"hatch",-106.9635073,23.91424533,2,2,1,""
2007,"2007B107","CA035","CA1335",3,3,2007-06-06,2007-06-06,2007-06-29,"hatch",-106.9640305,23.91376915,2,1,2,""
2007,"2007B108","CA1334","CA127 ",3,3,2007-06-06,2007-06-06,2007-06-26,"hatch",-106.9635132,23.91268328,5,5,8,""
2007,"2007B301","CA2037","CA1457",3,3,2007-06-17,2007-06-17,2007-07-04,"pred",-106.9742445,23.92151137,5,5,2,""
2007,"2007C1","CA151","CA201",3,3,2007-04-28,2007-04-28,2007-05-22,"unhatch",-106.9601173,23.91283497,11,11,10,""
2007,"2007C2","CA1257","CA013",1,1,2007-04-28,2007-04-28,2007-05-21,"unhatch",-106.9591132,23.91593563,5,NA,NA,""
2007,"2007C3","CA177","CA220",3,3,2007-04-28,2007-04-28,2007-05-09,"pred",-106.9600072,23.91725146,11,11,11,""
2007,"2007C4","802109760","RX.YX|RX.GX",3,3,2007-04-28,2007-04-28,2007-05-08,"hatch",-106.9603972,23.91771599,11,11,11,""
2007,"2007C5","CA1252","CA2221",3,3,2007-04-29,2007-04-29,2007-05-05,"pred",-106.9601262,23.9173312,11,11,11,""
2007,"2007C6","802109785","CA156",2,2,2007-04-30,2007-04-30,2007-05-16,"unhatch",-106.9604794,23.91534939,10,11,NA,""
2007,"2007C7","CA152","CA165",3,3,2007-05-01,2007-05-01,2007-05-10,"hatch",-106.9614001,23.9164843,11,11,11,""
2007,"2007C8","CA1263","CA029",1,3,2007-05-01,2007-05-01,2007-05-30,"hatch",-106.959599,23.91623641,1,NA,NA,""
2007,"2007C9","9fm","9m",2,3,2007-05-03,2007-05-03,2007-05-15,"pred",-106.9599923,23.91496736,1,2,NA,""
2007,"2007C10","CA1262","CA1209",1,3,2007-05-03,2007-05-03,2007-06-01,"hatch",-106.9608723,23.91730363,1,NA,NA,""
2007,"2007C11","CA1579","CA1207",3,3,2007-05-04,2007-05-04,2007-05-15,"hatch",-106.9604042,23.91687622,11,11,11,""
2007,"2007C12","CA081","CA1225",3,3,2007-05-05,2007-05-05,2007-05-25,"hatch",-106.9621788,23.91472277,5,5,5,""
2007,"2007C13","CA1264","CA1224",2,3,2007-05-05,2007-05-05,2007-05-31,"hatch",-106.9606283,23.91350561,2,1,NA,""
2007,"2007C14","CA216","802109768",2,2,2007-05-05,2007-05-05,2007-05-23,"unhatch",-106.9608571,23.9143514,11,10,NA,""
2007,"2007C15","CA132","CA057",3,3,2007-05-10,2007-05-10,2007-05-29,"hatch",-106.96024,23.91510866,8,5,5,""
2007,"2007C16","CA1424","CA1430",3,3,2007-06-02,2007-06-02,2007-06-16,"pred",-106.9600908,23.91758446,5,1,2,""
2007,"2007C17","CA1217","CA129",3,3,2007-06-12,2007-06-12,2007-07-05,"hatch",-106.959313,23.9161588,1,2,2,""
2007,"2007C101","101fm","101m",1,1,2007-05-01,2007-05-01,2007-05-06,"pred",-106.9622391,23.91351214,10,NA,NA,""
2007,"2007C102","CA014","802109746",3,3,2007-05-05,2007-05-05,2007-05-24,"hatch",-106.9601183,23.91289816,2,8,5,""
2007,"2007C103","CA126","CA328",3,3,2007-05-20,2007-05-20,2007-06-24,"unhatch",-106.961518,23.91519168,10,11,11,""
2007,"2007C104","RX.WX|YX.WX","CA1272",2,3,2007-06-15,2007-06-15,2007-07-10,"hatch",-106.9620066,23.91502292,1,2,NA,""
2007,"2007C301","CA045","CA324",3,3,2007-06-15,2007-06-15,2007-06-25,"unhatch",-106.960888,23.91314115,11,11,11,""
2007,"2007C305","305fm","305m",3,3,2007-07-07,2007-07-07,2007-07-12,"unknown",-106.9659633,23.91623639,5,2,5,""
2007,"2007C302","CA177","CA057",2,3,2007-06-26,2007-06-26,2007-07-12,"unknown",-106.9599247,23.91569053,2,1,NA,""
2007,"2007C303","CA1382","CA1383",NA,3,2007-06-30,NA,2007-06-30,"hatch",-106.9589357,23.91458357,NA,NA,NA,""
2007,"2007C304","304fm","802109713",2,2,2007-07-02,2007-07-02,2007-07-12,"unknown",-106.9613802,23.9138662,5,5,NA,""
2007,"2007D1","CA266","1m",3,3,2007-06-21,2007-06-21,2007-06-30,"unknown",-106.9668925,23.91663079,10,11,8,"probably hatched, saw parents tending chicks, male BX.MX|gX.BX = D-3"
2007,"2007D2","CA141","RX.YX|RX.sX",3,3,2007-05-01,2007-05-01,2007-05-24,"hatch",-106.9614483,23.91902981,0,2,5,""
2007,"2007D3","802122910","CA027",3,3,2007-05-10,2007-05-10,2007-05-30,"hatch",-106.9635202,23.92094454,5,5,5,""
2007,"2007D4","CA1217","CA180",3,3,2007-05-14,2007-05-15,2007-05-30,"hatch",-106.9641589,23.92161354,8,8,5,"517 one egg missing"
2007,"2007D5","BX.WX|SX.","802122915",3,3,2007-05-14,2007-05-14,2007-05-24,"pred",-106.9643386,23.92180084,10,8,10,""
2007,"2007D6","CA1450","RX.YX|RX.GX",3,3,2007-06-11,2007-06-11,2007-06-29,"hatch",-106.9611761,23.91791371,8,5,8,""
2007,"2007D7","CA1263","CA1207",3,3,2007-06-12,2007-06-12,2007-07-06,"hatch",-106.9615628,23.91620233,2,2,2,""
2007,"2007D8","CA1254","CA1223",3,3,2007-06-20,2007-06-20,2007-07-07,"hatch",-106.965858,23.91641831,5,8,8,""
2007,"2007D9","CA1355","CA1350",3,3,2007-06-21,2007-06-21,2007-07-12,"unknown",-106.9644207,23.91684299,2,2,1,""
2007,"2007D10","CA1258","CA229",3,3,2007-06-21,2007-06-21,2007-07-04,"hatch",-106.9669838,23.91681923,8,8,8,""
2007,"2007D11","CA1251","CA093",3,3,2007-06-23,2007-06-23,2007-07-12,"unknown",-106.9658407,23.91851321,5,2,2,""
2007,"2007D12","CA1266","CA1226",3,3,2007-06-26,2007-06-26,2007-07-10,"hatch",-106.9663602,23.9158521,10,8,8,""
2007,"2007D13","13fm","13m",2,2,2007-06-26,2007-06-26,2007-07-01,"aban",-106.9631717,23.92063298,2,1,NA,""
2007,"2007D101","802122913","CA156",2,3,2007-06-08,2007-06-08,2007-07-05,"hatch",-106.9616878,23.91537911,1,2,NA,""
2007,"2007D102","CA014","CA165",3,3,2007-06-08,2007-06-08,2007-06-29,"hatch",-106.9629169,23.91482169,2,5,2,""
2007,"2007D103","CA1341","CA1327",2,3,2007-06-08,2007-06-08,2007-07-04,"hatch",-106.9638915,23.91432169,2,1,NA,""
2007,"2007D104","CA1255","CA1329",1,3,2007-06-09,2007-06-09,2007-07-06,"hatch",-106.9648329,23.91422839,1,NA,NA,""
2007,"2007D105","CA020","CA068",2,3,2007-06-09,2007-06-09,2007-07-04,"hatch",-106.963517,23.91683648,2,1,NA,""
2007,"2007D106","CA101","CA098",2,2,2007-06-17,2007-06-17,2007-07-12,"unknown",-106.9661795,23.9175428,1,2,NA,"I just had 2 in my notes, and also in the wall papers says only two."
2007,"2007D107","CA1342","CA1337",2,3,2007-06-13,2007-06-13,2007-07-10,"hatch",-106.9652145,23.91737456,2,1,NA,""
2007,"2007D108","CA1340","CA1328",3,3,2007-06-13,2007-06-13,2007-07-04,"hatch",-106.964389,23.91474871,5,2,5,""
2007,"2007D109","CA060","CA166",3,3,2007-06-13,2007-06-13,2007-07-07,"hatch",-106.9635916,23.91787384,8,2,2,"one egg missing."
2007,"2007D110","802109771","CA1259",1,3,2007-06-17,2007-06-17,2007-06-24,"unhatch",-106.963925,23.91913361,1,NA,NA,""
2007,"2007D111","CA1339","CA1326",3,3,2007-06-19,2007-06-19,2007-07-06,"hatch",-106.9655417,23.9143367,5,8,5,""
2007,"2007D302","CA1450","302m",3,3,2007-07-07,2007-07-07,2007-07-12,"unknown",-106.9652425,23.91403355,2,1,5,""
2007,"2007E1","CA173","CA1201",3,3,2007-04-29,2007-04-29,2007-05-12,"hatch",-106.9624897,23.92099382,11,11,11,""
2007,"2007E2","CA262","CA1443",3,3,2007-06-12,2007-06-12,2007-07-02,"hatch",-106.9606136,23.91969053,5,5,5,""
2007,"2007E3","CA1526","802122906",3,3,2007-06-14,2007-06-14,2007-07-07,"hatch",-106.9529457,23.91335062,2,2,5,""
2007,"2007E4","CA1264","CA168",3,3,2007-06-19,2007-06-19,2007-07-06,"hatch",-106.9595232,23.91902728,8,5,8,""
2007,"2007E101","CA242","CA183",2,3,2007-05-27,2007-05-27,2007-06-24,"hatch",-106.9618274,23.92071336,1,0,NA,""
2007,"2007E102","CA1265","CA1444",3,3,2007-06-08,2007-06-08,2007-06-27,"hatch",-106.9545369,23.91401658,8,8,5,""
2007,"2007E103","103fm","103m",1,1,2007-06-08,2007-06-08,2007-06-11,"pred",-106.9543106,23.91398334,10,NA,NA,""
2007,"2007E301","CA011","CA030",3,3,2007-05-24,2007-05-24,2007-06-18,"hatch",-106.9628357,23.92179296,0,1,2,""
2007,"2007E302","CA034","CA1467",2,2,2007-06-19,2007-06-19,2007-06-25,"unhatch",-106.948218,23.91114437,11,11,NA,""
2007,"2007E303","CA1465","CA1464",NA,3,2007-06-19,NA,2007-06-19,"hatch",NA,NA,NA,NA,NA,"the coordinates of E303 estan in the GPS."
2007,"2007E304","CA082","CA231",3,3,2007-06-21,2007-06-21,2007-07-12,"unknown",-106.9541802,23.91380443,2,1,2,""
2007,"2007E305","BX.WX|SX.","802122915",3,3,2007-06-21,2007-06-21,2007-07-12,"unknown",-106.9624492,23.92156315,8,8,5,""
2007,"2007E306","CA1252","306m",2,3,2007-06-25,2007-06-25,2007-07-12,"unknown",-106.9604485,23.91981002,1,2,NA,""
2007,"2007F101","CA173","CA026",3,3,2007-06-17,2007-06-17,2007-06-20,"hatch",-106.9651004,23.92217031,11,11,11,""
2008,"2008A1","CA1268","802109716",3,3,2008-04-21,2008-04-21,2008-05-15,"hatch",-106.959494,23.91253594,2,5,1,""
2008,"2008A2","CA1504","CA1321",1,3,2008-04-22,2008-04-22,2008-05-22,"hatch",-106.9563889,23.90525311,1,NA,NA,"JUST ONE EGG IN THE NEST, WHEN FOUND."
2008,"2008A3","CA1505","CA1518",3,3,2008-04-26,2008-04-26,2008-05-21,"hatch",-106.9582936,23.90912931,2,1,1,"WAS ABANDONED THE DAY THAT HATCH. CF A2"
2008,"2008A4","CA137","CA178",3,3,2008-04-26,2008-04-26,2008-05-16,"hatch",-106.9512116,23.90447922,8,5,10,"ONE CHICK DIED WHILE BEING PROCESS."
2008,"2008A5","CA1254","CA093",3,3,2008-04-27,2008-04-27,2008-05-19,"hatch",-106.9556104,23.90834185,8,5,5,"CF A6"
2008,"2008A6","CA136","6m",3,3,2008-04-27,2008-04-27,2008-05-18,"hatch",-106.9569285,23.91173797,5,8,10,"CF A5"
2008,"2008A7","7fm","7m",3,3,2008-04-29,2008-04-29,2008-05-07,"rain",-106.9555955,23.9099582,1,2,2,"FLOODED WHEN FOUND, BIRD STILL INCUBATING UNTIL 0503"
2008,"2008A8","CA1434","CA1425",3,3,2008-04-30,2008-04-30,2008-06-01,"unhatch",-106.9549385,23.91002976,5,2,2,""
2008,"2008A9","CA1516","CA1204",3,3,2008-05-01,2008-05-01,2008-05-26,"hatch",-106.9511014,23.90237689,1,2,5,""
2008,"2008A10","CA1519","CA1545",1,3,2008-05-04,2008-05-04,2008-06-05,"hatch",-106.9554656,23.90850621,1,NA,NA,""
2008,"2008A11","CA072","11m",3,3,2008-05-05,2008-05-05,2008-05-18,"pred",-106.9595357,23.91008859,2,5,8,""
2008,"2008A12","12fm","12m",1,1,2008-05-06,2008-05-06,2008-05-12,"rain",-106.95643,23.90928847,1,NA,NA,"FLOODED"
2008,"2008A13","13fm","13m",1,2,2008-05-07,2008-05-07,2008-05-20,"aban",-106.9581828,23.90764096,1,NA,NA,""
2008,"2008A14","CA1536","CA2001",2,3,2008-05-10,2008-05-10,2008-06-06,"hatch",-106.9582426,23.90965363,2,1,NA,""
2008,"2008A15","15fm","15m",2,2,2008-05-17,2008-05-17,2008-05-25,"aban",-106.952454,23.90350639,5,8,NA,""
2008,"2008A16","CA1253","16m",2,2,2008-05-12,2008-05-12,2008-05-31,"pred",-106.9585809,23.91059735,5,1,NA,""
2008,"2008A17","CA1537","17m",1,2,2008-05-12,2008-05-12,2008-06-09,"hatch",-106.9575238,23.90692705,2,NA,NA,""
2008,"2008A18","CA226","CA110",1,2,2008-05-20,2008-05-20,2008-06-17,"hatch",-106.9554542,23.90970719,2,NA,NA,""
2008,"2008A19","CA1278","19m",2,2,2008-05-20,2008-05-20,2008-06-13,"hatch",-106.9525226,23.90349649,2,2,NA,""
2008,"2008A20","20fm","CA1230",3,3,2008-05-22,2008-05-22,2008-06-15,"hatch",-106.9518255,23.90285526,1,2,1,"CF B3"
2008,"2008A22","CA072","CA1223",1,3,2008-05-26,2008-05-26,2008-06-23,"hatch",-106.9564372,23.90780765,1,NA,NA,""
2008,"2008A23","CA1254","CA1272",3,3,2008-05-29,2008-05-29,2008-06-23,"hatch",-106.951928,23.90379296,1,2,2,"CF B106"
2008,"2008A24","CA177","CA008",3,3,2008-06-05,2008-06-05,2008-06-30,"hatch",-106.9528693,23.90565901,2,5,1,""
2008,"2008A25","CA1517","CA2020",3,3,2008-06-11,2008-06-11,2008-07-04,"hatch",-106.9555259,23.90794565,2,1,5,""
2008,"2008A101","CA226","101m",3,3,2008-04-28,2008-04-28,2008-05-11,"aban",-106.9580624,23.91333969,8,8,5,""
2008,"2008A102","CA1517","CA1222",3,3,2008-05-04,2008-05-04,2008-05-30,"hatch",-106.9594196,23.91020745,5,2,1,""
2008,"2008A103","CA190","CA108",3,3,2008-05-06,2008-05-06,2008-05-30,"hatch",-106.9588019,23.90831927,5,8,5,""
2008,"2008A104","CA136","CA1215",2,2,2008-05-29,2008-05-29,2008-06-23,"hatch",-106.9616006,23.90895171,2,5,NA,""
2008,"2008A21","CA125","CA1452",2,3,2008-05-23,2008-05-23,2008-06-19,"hatch",-106.9567839,23.90996113,1,2,NA,""
2008,"2008B1","1fm","1m",1,1,2008-04-24,2008-04-24,2008-04-28,"pred",-106.9611696,23.91097967,1,NA,NA,"CRUSHED BY COWS"
2008,"2008B2","CA1264","CA168",1,2,2008-05-09,2008-05-09,2008-06-07,"hatch",-106.9636888,23.91195873,1,NA,NA,""
2008,"2008B3","CA1334","CA1335",1,3,2008-05-15,2008-05-15,2008-06-14,"hatch",-106.9624082,23.91170422,1,NA,NA,"CF A20"
2008,"2008B101","CA020","CA078",3,3,2008-04-27,2008-04-27,2008-05-24,"hatch",-106.9604312,23.91020358,2,2,5,""
2008,"2008B102","102fm","CA084",3,3,2008-05-02,2008-05-02,2008-05-04,"pred",-106.9742192,23.92114151,1,8,5,""
2008,"2008B103","CA1429","CA230",2,3,2008-05-02,2008-05-02,2008-05-29,"hatch",-106.9631017,23.91145159,2,5,NA,""
2008,"2008B104","CA266","104m",2,2,2008-05-03,2008-05-03,2008-05-20,"aban",-106.964152,23.9133613,8,NA,NA,"2nd egg trampled by cows"
2008,"2008B105","CA171","CA057",1,3,2008-05-20,2008-05-20,2008-06-18,"hatch",-106.963776,23.9131765,1,NA,NA,""
2008,"2008B106","CA1268","CA1270",2,3,2008-05-27,2008-05-27,2008-06-22,"hatch",-106.9638091,23.91341986,1,2,NA,""
2008,"2008B107","CA020","CA026",3,3,2008-06-14,2008-06-14,2008-07-01,"pred",-106.9730263,23.92019979,8,8,5,""
2008,"2008B201","CA2052","CA2053",3,3,2008-06-14,2008-06-14,2008-07-06,"tide",-106.974366,23.92175358,1,2,5,""
2008,"2008C1","CA014","CA231",2,3,2008-05-27,2008-05-27,2008-06-24,"hatch",-106.962495,23.91484514,1,2,NA,""
2008,"2008C101","CA171","CA057",3,3,2008-04-23,2008-04-23,2008-05-16,"aban",-106.9602794,23.91511719,1,2,5,"2 eggs broken by cows."
2008,"2008C102","CA011","CA1551",3,3,2008-04-23,2008-04-23,2008-05-11,"hatch",-106.9608191,23.91573329,11,11,10,""
2008,"2008C103","CA1550","CA1464",3,3,2008-04-23,2008-04-23,2008-05-09,"hatch",-106.9603897,23.91656942,8,11,10,""
2008,"2008C104","CA1579","RX.YX|RX.GX",3,3,2008-04-24,2008-04-24,2008-05-11,"hatch",-106.9603068,23.91758171,11,5,10,""
2008,"2008C105","105fm","105m",1,1,2008-04-25,2008-04-25,2008-05-12,"aban",-106.9628691,23.91425349,2,NA,NA,""
2008,"2008C106","CA1552","CA1272",3,3,2008-05-02,2008-05-02,2008-05-19,"pred",-106.9608471,23.91303332,1,5,2,""
2008,"2008C107","CA1561","CA324",1,1,2008-05-04,2008-05-04,2008-05-27,"pred",-106.9615768,23.9151819,1,NA,NA,""
2008,"2008C108","CA151","108m",3,3,2008-05-09,2008-05-09,2008-05-31,"pred",NA,NA,1,5,5,"missing coordinate"
2008,"2008C109","CA011","CA029",3,3,2008-05-25,2008-05-25,2008-06-19,"hatch",-106.9600838,23.91712408,5,2,5,""
2008,"2008C110","CA1550","CA1418",3,3,2008-05-27,2008-05-27,2008-06-19,"hatch",-106.9603761,23.91306642,5,2,5,""
2008,"2008C111","CA1579","CA1484",2,3,2008-05-28,2008-05-28,2008-06-26,"hatch",-106.9611182,23.91472728,2,5,NA,""
2008,"2008C112","CA1563","CA1430",3,3,2008-05-31,2008-05-31,2008-06-23,"hatch",-106.9601595,23.91758359,5,5,2,""
2008,"2008C113","CA034","CA1464",3,3,2008-06-06,2008-06-06,2008-07-04,"tide",-106.9608398,23.91710541,8,5,5,"FLLODED"
2008,"2008C114","CA2051","CA1213",3,3,2008-06-08,2008-06-08,2008-07-04,"hatch",-106.9603478,23.91378908,2,5,2,"One chick dead in the nests."
2008,"2008C115","CA151","CA1310",2,3,2008-06-09,2008-06-09,2008-07-06,"hatch",-106.961404,23.91284564,2,1,NA,""
2008,"2008D1","CA1504","CA1312",3,3,2008-06-02,2008-06-02,2008-06-28,"hatch",-106.9653683,23.91520569,1,2,1,""
2008,"2008D2","CA1253","CA210",2,3,2008-06-10,2008-06-10,2008-07-04,"tide",-106.9649287,23.9153648,2,2,NA,"FLOODED"
2008,"2008D3","CA1429","CA1499",3,3,2008-06-10,2008-06-10,2008-07-04,"hatch",-106.9643254,23.91638374,2,1,5,""
2008,"2008D4","CA1561","CA324",3,3,2008-06-10,2008-06-10,2008-07-03,"hatch",-106.9638549,23.91904422,2,1,5,""
2008,"2008D5","CA081","CA078",2,3,2008-06-23,2008-06-23,2008-07-04,"tide",-106.965548,23.91475195,2,1,NA,"FLOODED"
2008,"2008D6","CA2019","CA2018",3,3,2008-06-25,2008-06-25,2008-07-04,"tide",-106.9631188,23.91908071,8,2,5,"FLOODED"
2008,"2008D101","101fm","101m",3,3,2008-04-24,2008-04-24,2008-04-28,"pred",-106.9640497,23.92218375,2,2,5,""
2008,"2008D102","CA014","802109746",2,2,2008-04-26,2008-04-26,2008-05-19,"hatch",-106.9634414,23.92092749,5,2,NA,""
2008,"2008D103","CA2037","103m",2,3,2008-06-12,2008-06-12,2008-06-30,"aban",-106.9646176,23.91946785,1,2,NA,"COVERRED FOR DUST."
2008,"2008D104","CA1536","104m",3,3,2008-06-14,2008-06-14,2008-07-04,"tide",-106.9677687,23.91676404,5,5,2,"FLOODED"
2008,"2008D105","105fm","105m",3,3,2008-06-29,2008-06-29,2008-07-04,"tide",-106.9657602,23.92033806,5,8,8,"FLOODED"
2008,"2008D201","CA1212","CA1203",3,3,2008-06-10,2008-06-10,2008-06-27,"hatch",-106.9636477,23.92093388,8,8,5,""
2008,"2008D202","CA242","CA1409",3,3,2008-06-11,2008-06-11,2008-07-03,"tide",-106.9613467,23.91815531,2,2,5,""
2008,"2008D203","CA2059","CA1416",1,3,2008-06-13,2008-06-13,2008-07-05,"tide",-106.961694,23.91578533,1,NA,NA,"flotation eggs 2 and 3: 621"
2008,"2008D204","CA2060","CA2064",1,3,2008-06-13,2008-06-13,2008-07-09,"tide",-106.9657475,23.9181984,0,NA,NA,"flotation eggs 2 and 3: 621"
2008,"2008E101","CA1265","CA1444",3,3,2008-05-05,2008-05-05,2008-05-31,"hatch",-106.9541796,23.91376832,5,8,2,""
2008,"2008E102","CA1526","CA048",2,3,2008-05-05,2008-05-05,2008-06-01,"hatch",-106.9523974,23.91215675,1,2,NA,""
2008,"2008F101","802109742","101m",3,3,2008-05-07,2008-05-07,2008-05-15,"pred",-106.9603755,23.92018113,5,8,5,""
2008,"2008F102","CA1563","CA1430",3,3,2008-05-08,2008-05-08,2008-05-23,"aban",-106.959736,23.91945795,1,2,5,""
2009,"2009A1","CA151","CA1310",2,2,2009-04-25,2009-04-25,2009-05-15,"hatch",-106.9580539,23.91147083,5,2,NA,""
2009,"2009A2","2fm","CA1425",3,3,2009-04-29,2009-04-29,2009-05-14,"aban",-106.9551261,23.9094405,8,5,5,""
2009,"2009A3","CA1526","CA048",3,3,2009-04-29,2009-04-29,2009-05-17,"hatch",-106.9542812,23.90811497,5,5,8,""
2009,"2009A4","CA2041","CA1312",3,3,2009-05-01,2009-05-01,2009-05-26,"hatch",-106.952056,23.90250924,1,2,5,""
2009,"2009A5","CA2036","CA107",3,3,2009-05-07,2009-05-07,2009-05-27,"hatch",-106.951259,23.90306109,8,5,5,""
2009,"2009A6","CA136","CA2040",3,3,2009-05-07,2009-05-07,2009-05-27,"hatch",-106.9517829,23.90720771,5,8,5,""
2009,"2009A7","CA1278","CA1248",2,2,2009-05-07,2009-05-07,2009-05-28,"hatch",-106.954718,23.90777535,5,5,NA,""
2009,"2009A8","CA1254","CA093",3,3,2009-05-07,2009-05-07,2009-06-04,"hatch",-106.9552955,23.90830071,2,2,1,""
2009,"2009A9","CA072","9m",2,3,2009-05-09,2009-05-09,2009-05-18,"rain",-106.9578444,23.90864748,2,1,NA,""
2009,"2009A101","CA2037","CA1204",3,3,2009-05-13,2009-05-13,2009-06-04,"hatch",-106.9516957,23.90271245,1,5,2,""
2009,"2009A102","CA2041","CA1452",1,1,2009-06-04,2009-06-04,2009-06-07,"pred",-106.9578003,23.91028226,0,NA,NA,""
2009,"2009A103","CA137","CA2232",1,3,2009-06-10,2009-06-10,2009-06-24,"rain",-106.9548003,23.90867719,0,NA,NA,"2nd & 3rd egg found on 617"
2009,"2009A201","CA081","CA1230",3,3,2009-05-13,2009-05-13,2009-05-17,"hatch",-106.9503101,23.90264877,11,11,11,""
2009,"2009A202","202fm","202m",2,2,2009-05-16,2009-05-16,2009-05-18,"rain",-106.9503101,23.90264877,1,1,NA,""
2009,"2009A203","CA1273","CA2086",3,3,2009-05-25,2009-05-25,2009-06-21,"hatch",-106.9535334,23.90279746,11,11,8,""
2009,"2009A204","CA2085","CA013",3,3,2009-05-30,2009-05-30,2009-06-21,"rain",-106.9539289,23.90885079,11,8,5,""
2009,"2009A205","CA2236","CA1314",3,3,2009-06-14,2009-06-14,2009-06-24,"rain",-106.9531636,23.90563721,8,5,5,""
2009,"2009A206","CA2041","CA1452",3,3,2009-06-15,2009-06-15,2009-07-07,"hatch",-106.9568173,23.91022254,11,2,1,"nest flooded on 708, unclear whether last egg hatched and chick died or egg was flooded"
2009,"2009A207","CA1254","CA093",3,3,2009-06-25,2009-06-25,2009-07-12,"unknown",-106.952467,23.90633226,10,8,11,""
2009,"2009B1","CA1253","CA168",2,2,2009-04-27,2009-04-27,2009-05-18,"hatch",-106.9630552,23.91162373,5,8,NA,""
2009,"2009B2","CA1429","CA078",2,2,2009-04-30,2009-04-30,2009-05-15,"hatch",-106.9614439,23.91093102,8,10,NA,""
2009,"2009B3","3fm","CA1270",3,3,2009-05-02,2009-05-02,2009-05-18,"rain",-106.9644796,23.91294179,2,5,2,""
2009,"2009B4","4fm","4m",3,3,2009-05-09,2009-05-09,2009-05-14,"aban",-106.9626042,23.91167463,2,5,5,""
2009,"2009B5","CA2050","CA230",3,3,2009-05-13,2009-05-13,2009-06-08,"hatch",-106.963508,23.91429047,5,2,2,""
2009,"2009B6","CA2097","CA2098",3,3,2009-06-21,2009-06-21,2009-07-10,"hatch",-106.962469,23.91182985,5,5,8,""
2009,"2009B101","CA2216","CA2209",3,3,2009-05-16,2009-05-16,2009-06-14,"hatch",-106.962957,23.91227506,2,5,1,"612 two eggs missing (last seen 610 without pecking), both parents still around and last egg pecking very softly"
2009,"2009B102","CA1526","CA168",3,3,2009-06-12,2009-06-12,2009-06-29,"hatch",-106.9638054,23.91252605,5,5,5,""
2009,"2009C1","CA1264","CA1272",3,3,2009-04-27,2009-04-27,2009-05-17,"hatch",-106.9630552,23.91162373,5,8,2,""
2009,"2009C2","CA1570","CA1418",3,3,2009-04-27,2009-04-27,2009-05-25,"unhatch",-106.9602379,23.91301401,2,1,5,""
2009,"2009C3","CA1579","CA1464",3,3,2009-04-29,2009-04-29,2009-05-13,"hatch",-106.9605415,23.91686544,10,10,8,""
2009,"2009C4","CA2207","CA1484",3,3,2009-05-08,2009-05-08,2009-06-05,"hatch",-106.9589462,23.91462858,2,2,5,""
2009,"2009C5","CA1280","CA029",3,3,2009-05-17,2009-05-17,2009-06-14,"unhatch",-106.959975,23.9170713,5,5,8,""
2009,"2009C6","CA1579","CA029",3,3,2009-06-29,2009-06-29,2009-07-10,"tide",-106.9598576,23.91644981,2,5,2,""
2009,"2009C7","7fm","7m",2,2,2009-07-04,2009-07-08,2009-07-09,"tide",-106.9622357,23.91458661,5,5,NA,"eggs floated on 708."
2009,"2009C8","CA1276","8m",3,3,2009-07-07,2009-07-07,2009-07-24,"tide",-106.9595069,23.91599381,2,5,5,""
2009,"2009C101","CA1531","CA1499",NA,3,2009-05-15,2009-05-19,2009-06-09,"hatch",-106.9622489,23.91351202,NA,NA,1,"3rd egg floated 519"
2009,"2009C102","CA1382","CA1350",3,3,2009-05-30,2009-05-30,2009-06-24,"hatch",-106.9623773,23.91485567,1,0,2,""
2009,"2009C103","CA1570","CA1418",NA,2,2009-06-05,NA,2009-07-01,"hatch",-106.9609234,23.91353796,NA,NA,NA,"floated on 617"
2009,"2009C104","104fm","CA1213",NA,3,2009-06-19,NA,2009-06-19,"hatch",-106.9611265,23.91397778,NA,NA,NA,"two chicks found at hatching"
2009,"2009D1","CA2208","CA1409",3,3,2009-05-20,2009-05-20,2009-06-09,"hatch",-106.9618861,23.91940343,5,2,5,""
2009,"2009D2","CA1480","CA1260",3,3,2009-05-21,2009-05-21,2009-06-10,"hatch",-106.9636814,23.92186342,5,2,5,""
2009,"2009D3","CA2213","CA2210",3,3,2009-05-22,2009-05-22,2009-06-16,"hatch",-106.966066,23.91847421,1,5,2,""
2009,"2009D4","CA1258","CA178",3,3,2009-05-31,2009-05-31,2009-06-21,"hatch",-106.9670423,23.91744147,8,5,2,""
2009,"2009D5","5fm","CA1203",3,3,2009-05-23,2009-05-23,2009-05-25,"pred",-106.9638473,23.92113899,8,8,5,""
2009,"2009D6","CA1263","CA2221",3,3,2009-05-29,2009-06-01,2009-06-24,"hatch",-106.9642544,23.91948152,2,5,1,"eggs floated on 601"
2009,"2009D7","CA2082","CA2073",3,3,2009-05-29,2009-05-31,2009-06-26,"hatch",-106.9616005,23.91870283,5,2,1,"eggs floated on 531"
2009,"2009D8","CA136","CA1416",3,3,2009-06-11,2009-06-11,2009-06-27,"tide",-106.964412,23.91886555,5,2,2,""
2009,"2009D9","CA1217","CA1201",3,3,2009-06-15,2009-06-15,2009-06-30,"hatch",-106.9643195,23.9218372,8,5,5,""
2009,"2009D10","CA2212","10m",3,3,2009-06-17,2009-06-18,2009-07-11,"unknown",-106.9629978,23.92082481,5,2,1,"eggs floated on 618"
2009,"2009D12","12fm","12m",3,3,2009-07-06,2009-07-06,2009-07-08,"tide",-106.9619613,23.91592638,5,5,2,""
2009,"2009D101","101fm","CA2211",2,3,2009-05-14,2009-05-14,2009-06-12,"hatch",-106.9652401,23.91452114,1,0,NA,"abandoned during first incubation week by female |YX.MX, 3rd egg found on 520"
2009,"2009D102","CA2212","CA108",3,3,2009-05-17,2009-05-17,2009-06-06,"hatch",-106.9658381,23.91640051,2,2,2,""
2009,"2009D103","CA171","CA1270",3,3,2009-05-27,2009-05-27,2009-06-21,"hatch",-106.9658211,23.91527213,2,1,1,"3rd egg floated 530"
2009,"2009D104","CA072","CA2224",3,3,2009-05-28,2009-05-28,2009-06-19,"hatch",-106.9645463,23.91410565,0,1,2,""
2009,"2009D105","CA151","CA231",2,2,2009-05-28,2009-05-28,2009-06-20,"hatch",-106.9645539,23.91461117,8,5,NA,""
2009,"2009D106","CA1355","CA2074",3,3,2009-05-31,2009-05-31,2009-06-20,"hatch",-106.967364,23.91663379,5,2,2,""
2009,"2009D107","CA125","CA229",3,3,2009-06-04,2009-06-04,2009-06-27,"hatch",-106.9639558,23.91792335,2,2,5,""
2009,"2009D108","CA081","CA078",3,3,2009-06-05,2009-06-05,2009-06-26,"hatch",-106.9641733,23.91606967,5,8,5,""
2009,"2009D109","CA1212","CA1203",3,3,2009-06-08,2009-06-08,2009-06-29,"hatch",-106.9658067,23.91951584,2,5,5,""
2009,"2009D110","CA1429","CA1309",3,3,2009-06-10,2009-06-10,2009-06-19,"hatch",-106.9666526,23.91700404,11,11,11,""
2009,"2009D111","CA1566","CA2088",2,2,2009-06-11,2009-06-11,2009-06-27,"tide",-106.9632413,23.91678583,2,0,NA,""
2009,"2009D112","CA1253","CA1520",2,3,2009-06-11,2009-06-11,2009-07-06,"hatch",-106.9653331,23.91482693,0,2,NA,"3rd egg found on 613"
2009,"2009D113","CA2087","CA324",2,3,2009-06-12,2009-06-12,2009-07-07,"hatch",-106.9629456,23.91541723,2,2,NA,"3rd egg found on 613"
2009,"2009E1","CA137","CA026",3,3,2009-05-06,2009-05-06,2009-06-01,"hatch",-106.961545,23.92087948,1,5,2,""
2009,"2009E2","CA1566","CA1553",3,3,2009-05-16,2009-05-16,2009-06-02,"hatch",-106.9600883,23.91742198,8,8,5,""
2009,"2009E3","3fm","3m",3,3,2009-05-21,2009-05-21,2009-06-25,"pred",-106.9631494,23.92175284,5,2,5,""
2009,"2009E4","4fm","CA007",3,3,2009-05-26,2009-05-31,2009-06-14,"pred",-106.9624849,23.92132795,5,2,2,"eggs floated on 531"
2009,"2009E5","CA034","CA008",3,3,2009-05-31,2009-05-31,2009-06-01,"pred",-106.9564842,23.91679977,11,11,11,"eggs (pecking) trampled by cows after cross fostering at E2"
2009,"2009E6","CA044","CA1545",3,3,2009-05-31,2009-05-31,2009-06-25,"hatch",-106.9543197,23.91458816,5,1,2,""
2009,"2009E7","CA1342","CA1444",3,3,2009-06-04,2009-06-11,2009-06-27,"pred",-106.9547358,23.91417657,8,5,5,"eggs floated on 611."
2009,"2009E8","CA2036","CA1349",3,3,2009-06-09,2009-06-09,2009-07-09,"unhatch",-106.9613402,23.91967223,1,2,5,""
2009,"2009E9","CA1278","CA1430",3,3,2009-06-13,2009-06-13,2009-07-06,"hatch",-106.9606799,23.91822702,8,5,5,""
2009,"2009G1","1fm","1m",2,2,2009-05-28,2009-05-28,2009-05-28,"tide",-107.0263557,23.9942078,10,10,NA,"already flooded and abandoned when found"
2009,"2009G2","CA2306","2m",2,2,2009-05-28,2009-05-28,2009-06-03,"pred",-107.0263063,23.9941904,5,2,NA,""
2009,"2009G3","3fm","3m",3,3,2009-05-28,2009-05-28,2009-05-31,"pred",-107.0260708,23.99421157,1,2,2,""
2009,"2009G4","CA2066","4m",3,3,2009-05-28,2009-05-28,2009-06-03,"pred",-107.0262261,23.99409215,2,2,5,""
2009,"2009G5","CA2065","CA2219",3,3,2009-05-28,2009-05-28,2009-06-04,"unhatch",-107.0257419,23.99454997,11,11,11,""
2009,"2009G6","6fm","CA2218",2,2,2009-06-02,2009-06-02,2009-07-03,"unknown",-107.0267046,23.99389622,2,2,NA,""
2009,"2009G7","CA1371","7m",3,3,2009-06-02,2009-06-02,2009-07-03,"unknown",-107.0255018,23.99365029,2,8,5,""
2009,"2009G8","8fm","CA2220",3,3,2009-06-02,2009-06-02,2009-07-03,"unknown",-107.0256186,23.99357652,5,8,8,""
2009,"2009G9","9fm","9m",3,3,2009-07-02,2009-07-02,2009-07-02,"unknown",-107.0247165,23.99307381,5,8,8,""
2010,"2010A1","1fm","1m",3,3,2010-04-21,2010-04-21,2010-05-04,"aban",-106.9575567,23.90976169,2,1,0,"The eggs were not measured at finding"
2010,"2010A2","2fm","CA1425",3,3,2010-04-22,2010-04-22,2010-05-01,"hatch",-106.9558555,23.90896172,11,8,10,"The eggs were not measured at finding"
2010,"2010A3","CA081","CA078",3,3,2010-04-22,2010-04-22,2010-05-17,"hatch",-106.9566833,23.90914982,2,1,2,""
2010,"2010A4","CA141","CA2267",3,3,2010-04-22,2010-04-22,2010-05-15,"hatch",-106.9571397,23.90880994,5,2,5,""
2010,"2010A5","CA2299","CA2298",3,3,2010-04-22,2010-04-22,2010-05-03,"hatch",-106.9568404,23.90784766,10,10,8,"The eggs were not measured at finding"
2010,"2010A6","CA1566","CA1203",3,3,2010-04-22,2010-04-22,2010-05-16,"hatch",-106.9566723,23.90776854,2,5,5,"The eggs were not measured at finding"
2010,"2010A7","CA1263","CA168",3,3,2010-04-22,2010-04-22,2010-05-16,"hatch",-106.9558934,23.90691169,2,5,5,"The eggs were not measured at finding"
2010,"2010A8","CA1538","CA2403",3,3,2010-04-22,2010-04-22,2010-05-15,"hatch",-106.9564115,23.90871086,2,5,2,""
2010,"2010A9","CA2406","CA2002",1,3,2010-04-22,NA,2010-05-21,"hatch",-106.954776,23.90902059,NA,NA,NA,"one egg at finding"
2010,"2010A10","CA2316","CA1534",2,2,2010-04-23,2010-04-23,2010-05-17,"hatch",-106.9554,23.90545529,2,5,NA,""
2010,"2010A11","CA1519","CA1321",3,3,2010-04-23,2010-04-23,2010-05-15,"hatch",-106.9548023,23.90554415,5,5,2,""
2010,"2010A12","CA2038","CA2404",3,3,2010-04-23,2010-04-23,2010-05-20,"hatch",-106.9553834,23.90630422,1,5,2,""
2010,"2010A13","CA2312","CA1234",3,3,2010-04-23,2010-05-01,2010-05-21,"hatch",-106.9549734,23.90647195,5,2,2,"one egg to the finding; Floated 501"
2010,"2010A14","CA2313","CA2424",3,3,2010-04-23,2010-05-01,2010-05-23,"hatch",-106.9551045,23.90604593,5,2,2,"one egg to the finding; Floated 501"
2010,"2010A15","15fm","CA2294",3,3,2010-04-23,2010-04-23,2010-05-05,"aban",-106.9561435,23.90721549,5,5,2,"The eggs were not measured at finding"
2010,"2010A16","CA171","CA1270",3,3,2010-04-23,2010-04-23,2010-05-12,"hatch",-106.9544134,23.90515183,8,5,5,""
2010,"2010A17","CA2039","CA2268",3,3,2010-04-23,2010-04-23,2010-05-15,"hatch",-106.9540273,23.90428997,2,8,5,""
2010,"2010A18","CA2310","CA231",3,3,2010-04-23,2010-04-23,2010-05-08,"hatch",-106.9537111,23.90350848,8,8,5,"The eggs were not measured at finding"
2010,"2010A19","CA2093","CA2408",3,3,2010-04-23,2010-04-23,2010-05-10,"aban",-106.9535655,23.90427778,8,5,5,""
2010,"2010A20","CA2405","CA2309",3,3,2010-04-23,2010-04-23,2010-05-15,"hatch",-106.9526793,23.90346741,5,2,5,""
2010,"2010A21","CA2036","CA107",3,3,2010-04-23,2010-04-23,2010-05-14,"hatch",-106.952033,23.90359299,5,8,5,""
2010,"2010A22","CA136","CA178",3,3,2010-04-23,2010-04-23,2010-05-08,"hatch",-106.9509718,23.9042114,5,8,8,"The eggs were not measured at finding"
2010,"2010A23","CA044","CA052",2,2,2010-04-23,2010-04-23,2010-05-05,"hatch",-106.951306,23.90357514,11,10,NA,"The eggs were not measured at finding"
2010,"2010A24","CA2035","CA2293",3,3,2010-04-23,2010-04-23,2010-05-11,"pred",-106.9520855,23.90250887,5,8,8,""
2010,"2010A25","CA2037","CA1204",3,3,2010-04-24,2010-05-01,2010-05-23,"hatch",-106.9516146,23.90254193,8,5,5,"one egg at finding; Floated 501"
2010,"2010A26","CA2041","26m",3,3,2010-04-24,2010-04-24,2010-05-04,"hatch",-106.9523709,23.90255039,8,11,10,"The eggs were not measured at finding"
2010,"2010A27","CA1278","CA1248",3,3,2010-04-24,2010-04-24,2010-05-03,"hatch",-106.9518443,23.9060693,11,8,10,"The eggs were not measured at finding"
2010,"2010A28","CA1254","CA1314",3,3,2010-04-24,2010-04-24,2010-05-06,"hatch",-106.951389,23.90452211,10,8,10,""
2010,"2010A29","CA1562","CA026",3,3,2010-04-24,2010-04-24,2010-05-18,"hatch",-106.9565341,23.90837524,1,2,5,""
2010,"2010A30","CA2325","CA2422",3,3,2010-05-08,2010-05-08,2010-05-30,"hatch",-106.9563193,23.90975938,2,5,5,""
2010,"2010A31","CA2349","CA2304",3,3,2010-06-25,2010-06-25,2010-07-11,"hatch",-106.9525932,23.90754052,8,10,8,"Hatch two chicks last day of fieldwork, the last egg pecking even"
2010,"2010A101","CA112","CA108",NA,3,2010-05-01,NA,2010-05-21,"hatch",-106.9568671,23.90831682,NA,NA,NA,""
2010,"2010A102","CA2321","CA1309",3,3,2010-05-02,2010-05-02,2010-05-20,"hatch",-106.9519508,23.90465944,5,5,8,""
2010,"2010A103","CA125","CA110",3,3,2010-05-02,2010-05-02,2010-05-20,"hatch",-106.9521803,23.90555039,8,8,5,""
2010,"2010A104","CA2407","CA265",3,3,2010-05-02,2010-05-02,2010-05-26,"hatch",-106.9523107,23.90703849,5,5,2,""
2010,"2010A105","CA1253","CA007",2,2,2010-05-05,2010-05-05,2010-05-08,"hatch",-106.9570755,23.90780856,11,11,NA,""
2010,"2010A106","CA1429","CA1230",NA,3,2010-05-07,NA,2010-05-06,"hatch",-106.951346,23.9029697,NA,NA,NA,"found with 3 chicks hatched"
2010,"2010A108","CA2231","CA2427",NA,3,2010-05-12,NA,2010-05-12,"hatch",-106.9536488,23.90786117,NA,NA,NA,"found with 2 chicks hatching"
2010,"2010A109","CA1356","CA2245",3,3,2010-05-19,2010-05-19,2010-06-10,"hatch",-106.9551461,23.90750807,2,2,5,""
2010,"2010A110","CA2093","CA2240",3,3,2010-05-19,2010-05-21,2010-06-15,"hatch",-106.9521991,23.90680516,0,2,0,"floated on 521"
2010,"2010A111","111fm","111m",3,3,2010-05-19,2010-05-19,2010-05-28,"pred",-106.9520071,23.90513726,2,5,8,"Last obs: 521"
2010,"2010A112","CA044","CA2033",3,3,2010-05-25,2010-05-25,2010-06-20,"hatch",-106.9555056,23.90790077,8,5,2,"two eggs disappeared on 529"
2010,"2010A113","CA103","CA2248",3,3,2010-06-03,2010-06-03,2010-06-26,"hatch",-106.9524387,23.90510469,5,5,1,""
2010,"2010A114","CA1531","CA2498",3,3,2010-06-07,2010-06-07,2010-06-21,"hatch",-106.9541336,23.90418027,10,10,8,""
2010,"2010A115","CA2509","CA2512",3,3,2010-06-10,2010-06-10,2010-06-23,"aban",-106.9555636,23.90653667,5,5,8,""
2010,"2010A116","CA2321","CA1425",3,3,2010-06-10,2010-06-15,2010-07-08,"hatch",-106.9520205,23.90472176,5,0,2,"floated on 615; One chick not was captured"
2010,"2010A117","CA1280","CA1204",3,3,2010-06-22,2010-06-22,2010-07-05,"pred",-106.9522619,23.90313865,8,8,8,""
2010,"2010B101","CA1268","CA2462",3,3,2010-05-19,2010-05-19,2010-05-20,"hatch",-106.9643814,23.91359312,11,11,11,"all eggs pecking"
2010,"2010B102","102fm","102m",2,2,2010-06-04,2010-06-04,2010-06-07,"pred",-106.9631295,23.91394318,0,2,NA,"Last obs: 607"
2010,"2010B103","CA2526","CA2524",3,3,2010-06-17,2010-06-17,NA,"unknown",-106.9617059,23.91267024,2,2,1,"Last fieldwork day three eggs pecking"
2010,"2010B201","CA1566","CA1499",2,3,2010-05-30,2010-05-30,2010-06-25,"hatch",-106.9618838,23.91274923,0,2,NA,""
2010,"2010C1","CA2236","CA1272",3,3,2010-04-21,2010-04-21,2010-05-03,"hatch",-106.9608476,23.91306943,5,8,8,"The eggs were not measured at finding"
2010,"2010C2","CA1531","CA1499",3,3,2010-04-21,2010-04-21,2010-05-13,"hatch",-106.9616884,23.91281492,8,5,5,""
2010,"2010C3","CA1570","CA1418",3,3,2010-04-24,2010-04-24,2010-05-04,"hatch",-106.9606782,23.91355915,10,11,10,""
2010,"2010C4","CA137","4m",3,3,2010-04-25,2010-04-25,2010-05-04,"hatch",-106.9599866,23.91718852,10,10,11,""
2010,"2010C5","CA1579","CA2221",3,3,2010-04-25,2010-04-25,2010-05-22,"hatch",-106.9602252,23.91738411,2,5,1,""
2010,"2010C6","CA2297","6m",2,3,2010-04-25,2010-04-25,2010-05-03,"pred",-106.960094,23.91780111,5,5,NA,"Two eggs at finding"
2010,"2010C7","CA2265","CA1310",2,3,2010-04-25,2010-04-25,2010-05-15,"pred",-106.9589354,23.91456551,2,5,NA,"Two eggs at finding"
2010,"2010C8","CA2296","8m",3,3,2010-04-25,2010-04-25,2010-05-04,"aban",-106.9591285,23.91499643,10,10,8,""
2010,"2010C9","CA2050","9m",3,3,2010-05-08,2010-05-08,2010-05-09,"pred",-106.9613521,23.91590707,11,10,10,""
2010,"2010C101","CA2423","101m",3,3,2010-05-08,2010-05-08,2010-05-19,"pred",-106.9620396,23.91330703,8,10,8,""
2010,"2010C102","CA2486","CA2472",1,3,2010-05-08,2010-05-08,2010-05-28,"pred",-106.9611455,23.9139324,1,NA,NA,""
2010,"2010C103","CA044","CA2033",1,1,2010-05-14,2010-05-14,2010-05-18,"pred",-106.9593637,23.9162665,2,NA,NA,"Last obs: 514"
2010,"2010C104","CA2487","CA2440",3,3,2010-05-15,2010-05-15,2010-06-04,"hatch",-106.9612385,23.91423819,5,2,2,""
2010,"2010C105","105fm","CA1430",3,3,2010-05-23,2010-05-23,2010-05-28,"pred",-106.960985,23.9176182,8,5,5,"Last obs: 526"
2010,"2010C106","CA1570","CA2473",3,3,2010-05-19,2010-05-19,2010-06-03,"pred",-106.9610438,23.91695835,2,2,2,"Last obs: 601"
2010,"2010C107","CA171","107m",3,3,2010-05-25,2010-05-25,2010-05-26,"pred",-106.9606344,23.91391183,5,8,5,"Last obs: 525"
2010,"2010C108","CA2050","CA1416",3,3,2010-05-28,2010-05-28,2010-06-15,"hatch",-106.960848,23.91569681,8,5,5,""
2010,"2010C109","109fm","109m",2,3,2010-05-29,2010-05-29,2010-06-03,"pred",-106.9600443,23.91450623,0,1,NA,"Last obs: 531"
2010,"2010C110","110fm","110m",2,3,2010-05-29,2010-05-29,2010-06-03,"pred",-106.9603834,23.91419493,1,2,NA,"Last obs: 602"
2010,"2010C111","CA2265","CA1310",3,3,2010-05-30,2010-05-30,2010-06-23,"hatch",-106.9590277,23.90505698,2,1,1,""
2010,"2010C112","CA1526","CA1409",3,3,2010-06-01,2010-06-01,2010-06-03,"pred",-106.959406,23.91581452,5,8,5,"Last obs: 602"
2010,"2010C113","113fm","113m",3,3,2010-06-03,2010-06-03,2010-06-05,"pred",-106.9608383,23.91505589,2,1,2,"Last obs: 603"
2010,"2010C114","CA1254","CA2214",2,2,2010-06-04,2010-06-04,2010-06-14,"hatch",-106.9622701,23.91491121,11,11,NA,""
2010,"2010C115","CA2036","CA2282",3,3,2010-06-04,2010-06-04,2010-06-27,"hatch",-106.960687,23.91348681,5,5,5,""
2010,"2010C116","CA2487","CA2002",3,3,2010-06-16,2010-06-16,2010-07-10,"hatch",-106.9606479,23.91480551,1,1,2,""
2010,"2010C117","CA1278","CA1248",2,2,2010-06-18,2010-06-18,2010-07-10,"hatch",-106.9599085,23.91396623,5,5,NA,"Only captured one chick"
2010,"2010C118","CA1579","CA1213",3,3,2010-06-22,2010-06-22,2010-07-10,"hatch",-106.959666,23.91546811,8,5,5,"Only captured two chicks"
2010,"2010C202","CA2236","202m",3,3,2010-05-30,2010-05-30,2010-06-03,"aban",-106.9597358,23.91553945,5,5,8,"Last obs: 602"
2010,"2010D1","CA1552","CA054",3,3,2010-04-24,2010-04-24,2010-05-15,"hatch",-106.961269,23.91821048,8,5,8,""
2010,"2010D2","2fm","2m",2,2,2010-07-11,2010-07-11,NA,"unknown",-106.9613451,23.91804699,2,5,NA,""
2010,"2010D101","CA1526","CA1409",3,3,2010-05-15,2010-05-15,2010-05-18,"pred",-106.9627,23.91996185,5,2,5,"Last obs: 518"
2010,"2010D102","CA2299","CA324",3,3,2010-05-19,2010-05-19,2010-05-27,"pred",-106.9637769,23.91778118,2,5,0,"Last obs: 525"
2010,"2010D103","CA2082","CA2073",3,3,2010-05-19,2010-05-19,2010-05-27,"aban",-106.9629247,23.9185866,2,2,1,"Last obs: 525"
2010,"2010D104","CA136","CA2489",3,3,2010-05-22,2010-05-22,2010-06-04,"pred",-106.9644048,23.92163748,5,2,2,"Last obs: 602"
2010,"2010D105","CA2354","CA2529",2,3,2010-06-21,2010-06-21,NA,"unknown",-106.9657527,23.91399994,2,1,NA,""
2010,"2010E101","CA1297","CA2249",2,2,2010-05-09,2010-05-09,2010-05-30,"hatch",-106.9542618,23.91466113,8,8,NA,"small egg didn't hatch"
2010,"2010E102","CA2041","CA2241",3,3,2010-05-22,2010-05-22,2010-06-11,"hatch",-106.9605474,23.9198539,5,8,5,""
2010,"2010E103","CA2296","CA1246",3,3,2010-06-01,2010-06-01,2010-06-16,"hatch",-106.9589447,23.91843876,10,8,5,""
2010,"2010E104","CA1526","CA1321",3,3,2010-06-19,2010-06-19,NA,"unknown",-106.9547412,23.91518773,8,5,5,"Last fieldwork day three eggs pecking"
2010,"2010F101","CA2204","CA1260",2,2,2010-05-22,2010-05-22,2010-06-11,"pred",-106.9650085,23.92258681,11,11,NA,"Last obs: 608"
2010,"2010G1","1fm","CA052",3,3,2010-06-29,2010-06-29,2010-06-30,"tide",-106.9700921,23.92036384,11,10,10,"Nest flooded one day after being found; parents continued incubating"
2010,"2010G2","CA2231","2m",3,3,2010-06-30,2010-06-30,NA,"unknown",-106.9715233,23.92018296,8,8,5,""
2010,"2010G3","3fm","3m",3,3,2010-06-30,2010-06-30,NA,"unknown",-106.9722349,23.92241297,5,5,8,""
2010,"2010G4","4fm","4m",3,3,2010-06-30,2010-06-30,NA,"unknown",-106.9721835,23.9261425,10,8,10,"Nest flooded at  finding, even so parents incubating"
2011,"2011A4","4fm","4m",3,3,2011-04-25,2011-04-25,2011-04-26,"irrigation",-106.9510544,23.90186285,5,5,2,"Flooded 426 by irrigation water"
2011,"2011A9","9fm","CA2427",3,3,2011-04-26,2011-04-26,2011-05-01,"pred",-106.9523201,23.90767039,2,5,5,""
2011,"2011C2","2fm","2m",3,3,2011-04-30,2011-04-30,2011-05-04,"trampled",-106.9610393,23.91601038,8,5,10,"Nest trampled by cattle 504"
2011,"2011C1","CA1579","CA1464",2,3,2011-04-19,2011-04-19,2011-05-08,"pred",-106.960541,23.91682933,2,2,NA,"Two eggs when found;floated 425"
2011,"2011B2","CA1429","CA168",3,3,2011-04-29,2011-04-29,2011-05-15,"hatch",-106.9631235,23.91159577,8,5,10,""
2011,"2011A1","CA2039","CA2043",3,3,2011-04-23,2011-04-23,2011-05-18,"hatch",-106.9582823,23.90968021,5,2,1,""
2011,"2011A2","CA2367","CA110",3,3,2011-04-23,2011-04-23,2011-05-19,"hatch",-106.9580671,23.90973713,2,2,5,"CF A8"
2011,"2011A11","CA081","11m",3,3,2011-05-01,2011-05-01,2011-05-19,"aban",-106.9565515,23.90496211,5,8,5,""
2011,"2011A12","CA034","CA048",3,3,2011-05-02,2011-05-02,2011-05-20,"hatch",-106.9548799,23.91004856,8,5,5,"CF A7"
2011,"2011A5","CA2369","CA1230",3,3,2011-04-26,2011-04-26,2011-05-21,"hatch",-106.9507511,23.902589,2,2,5,"CF A3"
2011,"2011A8","CA2050","CA1213",3,3,2011-04-26,2011-04-26,2011-05-21,"hatch",-106.9593691,23.9127181,2,5,5,"CF A2"
2011,"2011A102","CA1278","CA1248",3,3,2011-05-06,2011-05-06,2011-05-21,"hatch",-106.9516864,23.90601713,8,10,11,"CF B1"
2011,"2011A7","CA1276","CA178",2,2,2011-04-26,2011-04-26,2011-05-22,"hatch",-106.9507027,23.90394395,5,2,NA,"CF A12"
2011,"2011B1","CA171","CA078",3,3,2011-04-26,2011-04-26,2011-05-22,"hatch",-106.9604486,23.9100589,2,2,5,"CF A102"
2011,"2011A6","CA2041","CA1234",3,3,2011-04-26,2011-04-26,2011-05-24,"hatch",-106.9512947,23.90347596,8,5,8,"One egg when found;floated 515;CF A14"
2011,"2011A3","CA2371","CA2368",3,3,2011-04-23,2011-04-29,2011-05-25,"hatch",-106.9585051,23.90882866,5,2,2,"One egg when found;floated 429;CF A5"
2011,"2011A13","CA2373","CA2372",3,3,2011-05-02,2011-05-02,2011-05-25,"hatch",-106.9543462,23.90917052,5,5,2,"CF A10"
2011,"2011A14","CA2393","CA2245",3,3,2011-05-02,2011-05-02,2011-05-25,"hatch",-106.9552265,23.90828353,5,8,5,"CF A6"
2011,"2011A10","CA1268","CA1272",2,3,2011-05-01,2011-05-01,2011-05-26,"hatch",-106.9586222,23.91073225,5,2,NA,"Two eggs when found;third egg not floated;CF A13"
2011,"2011A104","CA1519","CA1321",3,3,2011-05-09,2011-05-09,2011-05-29,"hatch",-106.9550969,23.90489033,2,5,8,""
2011,"2011D1","CA2321","CA1201",3,3,2011-05-29,2011-05-29,2011-05-30,"pred",-106.9635663,23.92074532,5,2,5,"Predated by racoon; male BX.MX|GX.BX and Female GX.MX|LX.BX"
2011,"2011C3","CA2541","CA2221",3,3,2011-05-14,2011-05-14,2011-05-31,"hatch",-106.9600662,23.91725974,10,8,10,""
2011,"2011A103","CA1254","CA1418",3,3,2011-05-07,2011-05-07,2011-06-01,"aban",-106.9594398,23.91154346,5,2,1,""
2011,"2011A101","CA2036","CA107",3,3,2011-05-06,2011-05-06,2011-06-03,"hatch",-106.9515626,23.90300306,8,5,5,""
2011,"2011A107","CA3201","107m",3,3,2011-05-18,2011-05-18,2011-06-04,"aban",-106.958784,23.9103871,5,5,8,"Two eggs broken when the female was captured"
2011,"2011A105","CA1562","CA1310",2,2,2011-05-11,2011-05-11,2011-06-06,"hatch",-106.9582583,23.9093916,5,5,NA,"3rd egg not measured;CF B201"
2011,"2011A106","CA2550","CA2284",2,3,2011-05-14,2011-05-14,2011-06-06,"hatch",-106.9551663,23.91015326,5,8,NA,"third egg broken ;CF A201"
2011,"2011A201","CA2400","CA2552",3,3,2011-05-09,2011-05-12,2011-06-06,"hatch",-106.9593854,23.90989188,5,5,2,"Floated 512;CF A106"
2011,"2011A15","CA2547","CA2554",3,3,2011-05-23,2011-05-23,2011-06-07,"aban",-106.9552018,23.90859985,10,5,5,""
2011,"2011B101","CA2487","CA2440",3,3,2011-05-23,2011-05-23,2011-06-07,"hatch",-106.9621719,23.91101202,8,8,10,""
2011,"2011B201","CA2320","CA2291",3,3,2011-05-14,2011-05-15,2011-06-08,"hatch",-106.9627887,23.91153684,5,2,5,"Floated one day after 515; CF A105"
2011,"2011B103","CA2553","CA2562",3,3,2011-06-02,2011-06-02,2011-06-10,"pred",-106.9620213,23.91274747,1,1,2,""
2011,"2011D3","CA2065","3m",3,3,2011-06-05,2011-06-05,2011-06-11,"pred",-106.9617969,23.9193504,2,5,2,""
2011,"2011E7","7fm","7m",3,3,2011-06-03,2011-06-03,2011-06-11,"pred",-106.9621585,23.92117863,5,8,5,""
2011,"2011E3","CA3211","CA1224",3,3,2011-05-31,2011-05-31,2011-06-11,"hatch",-106.9541017,23.91446453,8,10,8,"One chick trampled accidentially"
2011,"2011D2","CA1579","CA1464",3,3,2011-05-30,2011-05-30,2011-06-14,"hatch",-106.9612878,23.91815606,8,8,5,"CF A108"
2011,"2011E6","6fm","6m",2,2,2011-06-03,2011-06-03,2011-06-14,"pred",-106.9607372,23.92006817,5,5,NA,"Least tern incubated the eggs 509;511 Least tern continued incubated the eggs"
2011,"2011A108","CA081","CA2240",3,3,2011-05-25,2011-05-25,2011-06-16,"hatch",-106.952657,23.90525541,5,2,1,"CF D2"
2011,"2011B102","CA2367","CA2570",3,3,2011-05-27,2011-05-27,2011-06-17,"aban",-106.9635305,23.91252957,2,2,1,""
2011,"2011D6","CA2547","CA2554",3,3,2011-06-12,2011-06-12,2011-06-18,"tide",-106.9625748,23.91882582,5,2,2,"One egg when  found;eggs floated 616;flooded by high tide"
2011,"2011D101","CA2373","101m",3,3,2011-06-04,2011-06-04,2011-06-18,"pred",-106.9643478,23.91462283,1,1,1,""
2011,"2011A16","CA1429","CA2002",3,3,2011-05-25,2011-05-25,2011-06-19,"hatch",-106.9546861,23.9095725,2,5,5,"Two chicks ringed 619 and third chick ringed 621"
2011,"2011A17","CA3214","CA2566",3,3,2011-06-05,2011-06-05,2011-06-19,"pred",-106.9537611,23.90683949,8,5,5,""
2011,"2011D4","CA3216","CA2531",3,3,2011-06-11,2011-06-11,2011-06-20,"hatch",-106.9643879,23.92181827,8,8,10,""
2011,"2011B104","CA2212","CA2582",3,3,2011-06-03,2011-06-03,2011-06-22,"pred",-106.9630489,23.91445885,2,1,1,""
2011,"2011E1","CA2039","CA2576",3,3,2011-05-30,2011-05-30,2011-06-22,"hatch",-106.96244,23.92160841,8,5,5,""
2011,"2011B4","CA171","CA3212",3,3,2011-06-08,2011-06-08,2011-06-26,"hatch",-106.963766,23.91251753,8,5,8,"CF E2"
2011,"2011E2","CA242","CA2575",3,3,2011-05-31,2011-05-31,2011-06-26,"hatch",-106.9615343,23.92081642,5,5,2,"CF E5"
2011,"2011C4","CA2216","CA2569",3,3,2011-06-06,2011-06-06,2011-06-27,"pred",-106.9603767,23.91310252,5,5,2,""
2011,"2011E5","CA3210","CA2574",3,3,2011-06-03,2011-06-03,2011-06-28,"hatch",-106.9595504,23.91887345,5,5,2,"CF B4"
2011,"2011A301","CA2581","CA2273",3,3,2011-06-09,2011-06-09,2011-06-30,"hatch",-106.9531984,23.9059889,1,2,5,""
2011,"2011E8","CA1278","CA2573",3,3,2011-06-04,2011-06-04,2011-06-30,"hatch",-106.9566325,23.91686108,2,5,5,"Two eggs when found;eggs floated 608"
2011,"2011A202","CA2599","202m",3,3,2011-06-28,2011-06-28,2011-07-03,"rain",-106.9560942,23.91111657,5,2,1,"Flooded by rain"
2011,"2011B3","CA2583","CA2571",3,3,2011-06-07,2011-06-07,2011-07-03,"hatch",-106.9624322,23.91329298,5,2,2,"Two eggs when found; eggs floated 610;Two eggs  flooded by rain on 703;CF D5"
2011,"2011B5","CA1254","CA168",3,3,2011-06-08,2011-06-08,2011-07-03,"rain",-106.9628374,23.91215921,2,2,5,"One egg when found;eggs floated 613;Flooded by rain 703"
2011,"2011B202","CA2593","202m",3,3,2011-06-27,2011-06-27,2011-07-03,"rain",-106.9621779,23.91270936,2,2,1,"Flooded by rain"
2011,"2011B203","CA2591","CA2595",3,3,2011-06-26,2011-06-26,2011-07-03,"rain",-106.9635424,23.91396499,8,5,5,"Flooded by rain"
2011,"2011B301","CA2590","301m",3,3,2011-06-26,2011-06-26,2011-07-03,"rain",-106.9624559,23.91356354,2,2,1,"Flooded by rain"
2011,"2011C101","CA2036","CA1418",3,3,2011-06-15,2011-06-15,2011-07-03,"rain",-106.9602957,23.91424119,1,1,2,"Flooded by rain"
2011,"2011D5","CA2572","CA1513",3,3,2011-06-12,2011-06-12,2011-07-02,"hatch",-106.9614553,23.91884011,8,5,5,"CF B3"
2011,"2011D7","CA3217","CA1203",3,3,2011-06-12,2011-06-12,2011-07-03,"rain",-106.9637849,23.92091407,5,5,2,"Eggs 2 and 3 were predated;flooded by rain"
2011,"2011D8","CA1579","CA1213",3,3,2011-06-26,2011-06-26,2011-07-03,"rain",-106.9615527,23.9161844,2,5,5,"Flooded by rain"
2011,"2011D9","CA2547","CA2554",3,3,2011-06-27,2011-06-27,2011-07-03,"rain",-106.9617362,23.9192338,5,2,1,"1 egg when found, Floated 701;Flooded by rain"
2011,"2011D102","CA2594","102m",3,3,2011-06-28,2011-06-28,2011-07-03,"rain",-106.9641422,23.91466158,1,5,2,"Flooded by rain"
2011,"2011D201","CA2584","CA2587",3,3,2011-06-17,2011-06-19,2011-07-03,"rain",-106.9666271,23.91466591,2,1,2,"Eggs floated 619;Flooded by rain"
2011,"2011E9","CA2592","9m",3,3,2011-06-27,2011-06-27,2011-07-03,"rain",-106.9598979,23.9171716,5,5,2,"Flooded by rain"
2011,"2011E10","CA1519","10m",3,3,2011-06-29,2011-06-29,2011-07-03,"rain",-106.9548771,23.91442758,8,8,5,"Flooded by rain"
2012,"2012B101","CA2367","101m",2,2,2012-05-20,2012-05-20,2012-05-24,"hatch",-106.9611203,23.91096224,11,11,NA,""
2012,"2012C101","CA3303","CA1416",3,3,2012-05-18,2012-05-18,2012-06-01,"hatch",-106.960257,23.91623705,8,8,5,""
2012,"2012C301","CA2367","CA1310",3,3,2012-06-12,2012-06-12,NA,"unknown",-106.9595896,23.91496347,5,8,5,""
2012,"2012D1","CA2039","CA2043",3,3,2012-04-28,2012-04-28,2012-05-29,"hatch",-106.9665931,23.91825981,2,5,1,"found with one egg only, all eggs floated 507"
2012,"2012D2","CA081","CA1418",3,3,2012-05-06,2012-05-06,2012-05-28,"pred",-106.9656478,23.91875043,5,5,2,""
2012,"2012D3","3fm","3m",2,3,2012-05-15,2012-05-15,2012-05-17,"aban",-106.9648742,23.91825471,5,2,NA,"3rd egg found 517, not measured"
2012,"2012D4","CA2584","CA048",3,3,2012-05-15,2012-05-15,2012-06-02,"hatch",-106.9667281,23.91744549,5,8,8,""
2012,"2012D5","CA2369","CA3234",3,3,2012-05-15,2012-05-15,2012-05-28,"hatch",-106.9650653,23.91920029,8,11,11,"third chick not found"
2012,"2012D6","CA3304","CA1527",3,3,2012-05-18,2012-05-18,2012-06-06,"hatch",-106.9664432,23.91874025,5,8,8,""
2012,"2012D101","101fm","CA1464",3,3,2012-05-23,2012-05-23,2012-05-29,"hatch",-106.9613334,23.91792073,11,11,11,""
2012,"2012D102","CA3221","CA3262",3,3,2012-05-31,2012-05-31,2012-06-24,"pred",-106.9635004,23.92093576,2,2,1,"predated by racoon"
2012,"2012D301","CA3313","CA3266",2,2,2012-06-12,2012-06-12,NA,"unknown",-106.9618354,23.91539529,5,2,NA,""
2012,"2012E101","CA2082","CA1430",2,2,2012-05-18,2012-05-18,2012-05-30,"unknown",-106.9601671,23.91743903,11,11,NA,"chicks not in captures file!"
2012,"2012G1","1fm","CA1203",3,3,2012-05-07,2012-05-07,2012-06-02,"hatch",-106.9724079,23.92539926,2,0,1,""
2012,"2012G2","CA3235","CA2292",3,3,2012-05-18,2012-05-18,2012-06-01,"pred",-106.9719424,23.92385229,5,1,2,"predated by coyote"
2012,"2012G3","CA2393","CA2245",3,3,2012-05-18,2012-05-18,2012-05-28,"tide",-106.9726698,23.92517921,5,5,5,""
2012,"2012G4","CA3216","CA3258",3,3,2012-05-18,2012-05-18,2012-06-02,"hatch",-106.9725356,23.92410651,2,2,2,"Last chick unringed"
2012,"2012G5","CA3202","CA3237",3,3,2012-05-19,2012-05-19,2012-06-04,"tide",-106.9723193,23.92280012,2,2,2,""
2012,"2012G6","CA3242","CA2519",3,3,2012-05-19,2012-05-19,2012-06-03,"hatch",-106.9725032,23.92326725,8,8,8,"Two eggs flooded"
2012,"2012G7","CA2555","CA2399",3,3,2012-05-19,2012-05-19,2012-06-01,"pred",-106.972032,23.9239324,5,5,5,"predated by coyote"
2012,"2012G8","CA2271","CA3305",2,3,2012-05-19,2012-05-19,2012-06-04,"tide",-106.9725588,23.92369089,5,1,NA,"3rd egg found 523"
2012,"2012G9","9fm","CA168",3,3,2012-05-19,2012-05-19,2012-05-28,"hatch",-106.9725746,23.92343788,11,11,11,""
2012,"2012G10","CA2538","CA2595",3,3,2012-05-20,2012-05-20,2012-05-28,"pred",-106.9725607,23.92381727,5,8,8,""
2012,"2012G11","CA3306","CA178",3,3,2012-05-24,2012-05-24,2012-06-04,"tide",-106.9716828,23.92163455,5,2,2,""
2012,"2012G12","CA1268","CA1272",3,3,2012-05-24,2012-05-24,2012-05-30,"hatch",-106.9699898,23.92139443,11,11,11,""
2012,"2012G201","CA242","CA3236",3,3,2012-05-20,2012-05-20,2012-06-04,"tide",-106.9718419,23.92499121,2,5,8,""
2012,"2012G202","202fm","CA3307",3,3,2012-05-20,2012-05-20,2012-06-04,"tide",-106.9716149,23.92686307,2,2,5,""
2012,"2012G203","CA1550","CA2570",3,3,2012-05-20,2012-05-20,2012-06-04,"tide",-106.9724826,23.92643661,5,5,5,""
2012,"2012G204","CA3218","CA2100",3,3,2012-05-22,2012-05-22,2012-06-04,"tide",-106.9720821,23.92399496,5,5,2,""
2012,"2012G301","CA3251","CA2548",3,3,2012-05-27,2012-05-27,2012-06-04,"tide",-106.9715473,23.92499499,8,5,5,""
2012,"2012G302","CA1278","CA1248",3,3,2012-05-27,2012-05-27,2012-06-04,"tide",-106.9716824,23.92613088,10,10,11,""
2012,"2012G303","303fm","CA2531",3,3,2012-05-31,2012-05-31,2012-06-03,"tide",-106.9726558,23.92619964,8,5,5,""
2012,"2012G304","CA3252","CA2596",3,3,2012-06-01,2012-06-01,2012-06-04,"tide",-106.9726243,23.92735573,5,5,2,""
2012,"2012G305","305fm","305m",3,3,2012-06-03,2012-06-03,2012-06-04,"tide",-106.9713163,23.92466389,5,2,2,"Parents not captured"
2013,"2013B101","CA3300","CA3321",3,3,2013-05-29,2013-05-29,2013-06-23,"hatch",-106.9629376,23.91359351,1,2,2,""
2013,"2013C2","2fm","CA2421",3,3,2013-04-20,2013-04-20,2013-05-05,"unknown",NA,NA,8,5,5,""
2013,"2013C3","CA3242","3m",3,3,2013-04-25,2013-04-25,2013-05-21,"hatch",-106.9609624,23.91481956,1,1,5,""
2013,"2013C4","CA3306","CA1418",3,3,2013-04-29,2013-04-29,2013-05-16,"hatch",-106.9612248,23.91398556,5,8,5,""
2013,"2013C5","CA2538","CA2388",3,3,2013-05-05,2013-05-05,2013-05-24,"hatch",-106.9620322,23.91476979,2,8,8,""
2013,"2013C6","CA1278","CA1310",3,3,2013-05-22,2013-05-22,NA,"hatch",-106.9597605,23.91522313,5,1,1,""
2013,"2013C101","CA2082","CA1430",3,3,2013-05-12,2013-05-12,2013-05-22,"hatch",-106.9607896,23.91768389,11,11,11,""
2013,"2013C201","CA3323","CA3322",3,3,2013-06-13,2013-06-13,2013-06-29,"unknown",-106.9601152,23.91464979,0,1,2,""
2013,"2013D1","CA2369","CA3314",3,3,2013-04-20,2013-04-20,2013-05-12,"hatch",-106.9611619,23.91762497,2,2,8,""
2013,"2013D2","CA3218","CA2100",3,3,2013-04-26,2013-04-26,NA,"unknown",-106.9626985,23.91986255,8,8,5,""
2013,"2013D3","CA3271","CA1201",3,3,2013-04-26,2013-04-26,2013-05-18,"hatch",-106.9632346,23.92024394,2,5,8,""
2013,"2013D4","CA3273","CA3223",3,3,2013-05-01,2013-05-01,2013-05-19,"hatch",-106.9659835,23.91432203,8,5,5,""
2013,"2013D5","CA3272","5m",3,3,2013-05-01,2013-05-01,2013-05-07,"unknown",-106.9644792,23.92135664,10,8,8,""
2013,"2013D6","CA3270","CA3315",3,3,2013-05-07,2013-05-07,2013-06-01,"hatch",-106.96276,23.91873317,0,1,1,""
2013,"2013D7","7fm","7m",3,3,2013-05-10,2013-05-10,2013-05-14,"pred",-106.9633847,23.91458097,10,10,10,""
2013,"2013D8","8fm","8m",3,3,2013-05-10,2013-05-10,2013-05-14,"pred",-106.9649055,23.91513034,2,2,5,"The nest had footprint of racoon around"
2013,"2013D9","CA3276","CA3278",3,3,2013-05-14,2013-05-14,2013-06-05,"hatch",-106.9660721,23.91563909,5,5,5,""
2013,"2013D10","CA2369","2519",3,3,2013-05-19,2013-05-19,2013-06-09,"hatch",-106.9655204,23.91942019,2,5,5,""
2013,"2013D11","CA3388","CA3319",3,3,2013-05-19,2013-05-19,2013-06-10,"hatch",-106.9663452,23.91875053,5,5,5,""
2013,"2013D12","CA3272","CA2579",2,2,2013-05-19,2013-05-19,NA,"hatch",-106.9650371,23.9218822,5,2,NA,"Hatching date between 608 and 615"
2013,"2013D13","CA3298","CA2596",3,3,2013-05-31,2013-05-31,NA,"hatch",-106.9655203,23.9142196,11,11,11,"Hatching date between 612 and 619"
2013,"2013D14","CA3296","14m",3,3,2013-05-31,2013-05-31,2013-06-09,"pred",-106.9634494,23.91560942,2,5,5,""
2013,"2013D101","CA3275","CA3395",3,3,2013-05-12,2013-05-12,2013-06-01,"hatch",-106.9629528,23.91784588,0,5,2,"An egg was lost"
2013,"2013D102","CA3399","CA3274",3,3,2013-05-14,2013-05-14,2013-05-29,"unknown",-106.9625517,23.9186004,5,8,5,"Disappeared between 2 and 4 pm"
2013,"2013D103","CA1268","CA1272",3,3,2013-05-16,2013-05-16,2013-05-29,"hatch",-106.9633069,23.91787747,8,8,10,""
2013,"2013E1","1fm","1m",3,3,2013-04-29,2013-04-29,2013-05-05,"pred",-106.9585398,23.91569013,11,8,8,"Nest was stepped by  horses"
2013,"2013G1","1fm","1m",3,3,2013-06-22,2013-06-22,2013-06-29,"tide",-106.9702606,23.92047002,2,5,5,""
2013,"2013G2","2fm","2m",3,3,2013-06-24,2013-06-24,2013-06-29,"tide",-106.9711781,23.92073815,5,5,8,""
2013,"2013G3","3fm","3m",3,3,2013-06-24,2013-06-24,2013-06-29,"tide",-106.9724152,23.92458658,2,2,5,""
2015,"2015A3","CN0101","CN0109",NA,3,2015-04-11,NA,2015-05-01,"hatch",-106.9550622,23.90910724,NA,NA,NA,""
2015,"2015A4","CN0029","CN0009",3,3,2015-04-23,2015-04-23,2015-05-19,"hatch",-106.9535829,23.90282391,5,2,2,""
2015,"2015C1","CA1268","CA1272",3,3,2015-04-23,2015-04-23,2015-05-05,"hatch",-106.9613284,23.91368628,8,8,8,""
2015,"2015C2","CN0107","2m",3,3,2015-04-23,2015-04-23,2015-05-11,"hatch",-106.9621582,23.91465983,5,5,2,""
2015,"2015C3","CA2386","CA1310",3,3,2015-04-23,2015-04-23,2015-05-19,"hatch",-106.9599585,23.91337872,1,2,1,""
2015,"2015C4","CA3218","CA2388",2,2,2015-04-23,2015-04-23,2015-05-06,"hatch",-106.9615584,23.91526339,10,8,NA,""
2015,"2015C5","CN0108","5m",2,2,2015-04-27,2015-04-27,2015-05-05,"pred",-106.9590125,23.91577439,8,10,NA,""
2015,"2015A5","CN0103","CN0140",3,3,2015-04-27,2015-04-27,2015-05-24,"hatch",-106.9576105,23.90876783,2,0,0,""
2015,"2015B1","CN0102","CN0104",3,3,2015-04-28,2015-04-28,2015-05-23,"hatch",-106.9618015,23.91119732,2,1,2,""
2015,"2015C6","CN0007","CA3315",2,2,2015-04-28,2015-04-28,2015-05-20,"hatch",-106.9595553,23.91659812,2,2,NA,""
2015,"2015C7","CN0105","CN0106",3,3,2015-05-01,2015-05-01,2015-05-22,"pred",-106.9606983,23.91358598,2,5,2,""
2015,"2015D1","CN0119","CN0015",3,3,2015-05-08,2015-05-08,2015-05-29,"hatch",-106.9634965,23.92067398,2,1,1,""
2015,"2015E1","CA3271","CA1201",3,3,2015-05-09,2015-05-09,2015-05-24,"hatch",-106.9629504,23.92158384,10,10,8,""
2015,"2015D2","CN0122","CA1430",3,3,2015-05-11,2015-05-17,2015-06-10,"hatch",-106.961343,23.91856165,2,2,5,"eggs were floated only on 17 May"
2015,"2015E2","CA3218","CN0123",2,3,2015-05-15,2015-05-15,2015-06-12,"hatch",-106.961382,23.92049332,0,0,NA,""
2015,"2015A6","CN0125","CN0134",3,3,2015-05-17,2015-05-17,2015-06-01,"hatch",-106.9523869,23.9023064,5,8,10,""
2015,"2015A7","CN0101","CA3316",3,3,2015-05-17,2015-05-17,2015-06-09,"hatch",-106.9519073,23.90372099,2,1,5,""
2015,"2015B2","CN0126","CA2596",3,3,2015-05-17,2015-05-17,2015-06-01,"hatch",-106.9638814,23.91300361,10,10,10,""
2015,"2015E101","CA3216","CA3258",3,3,2015-05-17,2015-05-17,2015-05-28,"aban",-106.9544001,23.91471354,8,8,8,""
2015,"2015D3","CA3318","CA2273",3,3,2015-05-20,2015-05-20,2015-06-12,"hatch",-106.9620565,23.91962697,5,2,2,""
2015,"2015D101","CN0130","CA2100",2,2,2015-05-17,2015-05-17,2015-05-29,"hatch",-106.9629595,23.92023843,8,11,NA,"Eggs measured and floated five days after found"
2015,"2015D102","CN0004","CA3314",3,3,2015-05-30,2015-05-30,2015-06-07,"tide",-106.9654163,23.92097447,10,11,11,""
2015,"2015D103","CA3272","CA2579",3,3,2015-05-30,2015-05-30,2015-06-01,"hatch",-106.9647356,23.92207566,11,11,11,""
2015,"2015D104","CN0160","CN0159",3,3,2015-05-30,2015-05-30,2015-06-07,"tide",-106.9645906,23.91638937,0,0,2,""
2015,"2015A8","CN0137","CN0144",3,3,2015-05-24,2015-05-24,2015-06-09,"aban",-106.953466,23.90418876,2,2,8,""
2015,"2015A9","CN0149","CN0146",3,3,2015-05-30,2015-05-30,2015-06-07,"hatch",-106.9549739,23.90519888,10,10,10,""
2015,"2015A10","CN0152","CN0147",3,3,2015-05-30,2015-05-30,2015-06-09,"aban",-106.9531378,23.90718148,5,2,5,""
2015,"2015E102","CN0148","CN0158",3,3,2015-05-30,2015-05-30,2015-06-07,"tide",-106.9544001,23.91471354,5,2,5,""
2015,"2015D4","CN0155","4m",2,3,2015-05-31,2015-05-31,2015-06-05,"tide",-106.9640648,23.92123553,2,2,NA,"nest found with two eggs, when lay the third egg , the nest flooded"
2015,"2015A11","CA2065","CN0176",3,3,2015-06-13,2015-06-13,2015-06-28,"hatch",-106.9538527,23.90443665,5,2,2,""
2015,"2015A12","CN0177","CN0175",3,3,2015-06-13,2015-06-13,2015-06-23,"hatch",-106.9554987,23.90614023,5,5,5,""
2015,"2015C8","CN0179","8m",3,3,2015-06-14,2015-06-14,2015-06-22,"pred",-106.9617798,23.91431254,0,0,5,"float the third egg  after five days"
2015,"2015C9","CN0178","CN0182",3,3,2015-06-14,2015-06-14,2015-06-20,"tide",-106.9604036,23.91293063,0,0,5,""
2015,"2015A13","CN0181","CN0180",3,3,2015-06-18,2015-06-18,2015-06-21,"aban",-106.9544981,23.90490697,1,2,2,""
2015,"2015C10","CN0029","10m",3,3,2015-06-18,2015-06-18,2015-06-21,"tide",-106.9626793,23.91469832,10,10,10,""
2015,"2015E3","3fm","3m",1,1,2015-06-18,2015-06-18,2015-06-21,"tide",-106.9593118,23.91868688,0,NA,NA,""
2015,"2015C11","CA2386","CA3266",3,3,2015-06-20,2015-06-20,2015-06-25,"rain",-106.9605007,23.91285716,2,2,2,""
2015,"2015C12","CN0007","CA3332",3,3,2015-06-21,2015-06-21,2015-07-05,"tide",-106.9589062,23.91588409,5,2,2,""
2015,"2015A14","14fm","14m",1,1,2015-06-28,2015-06-28,2015-07-01,"aban",-106.9555847,23.90793588,0,NA,NA,""
2015,"2015A101","CN0188","CN0189",3,3,2015-06-28,2015-06-28,2015-07-05,"aban",-106.9543886,23.90545913,5,5,5,""
2015,"2015A15","CN0137","CN0190",3,3,2015-07-05,2015-07-05,2015-07-12,"aban",-106.9542341,23.90498256,5,5,2,""
2015,"2015A16","16fm","16m",3,3,2015-07-05,2015-07-05,2015-07-15,"pred",-106.9538745,23.90589002,5,5,5,""
2015,"2015D5","5fm","5m",2,2,2015-07-12,2015-07-12,2015-07-15,"rain",-106.9634668,23.92130638,2,5,NA,""
2016,"2016A102","102fm","102m",2,2,2016-04-09,2016-04-09,2016-04-23,"hatch",-106.9508368,23.90371652,11,11,NA,""
2016,"2016A103","103fm","CN0210",3,3,2016-04-09,2016-04-09,2016-04-26,"hatch",-106.9514707,23.90538785,10,10,11,""
2016,"2016A104","CN0203","104m",3,3,2016-04-09,2016-04-24,2016-05-04,"hatch",-106.9515191,23.90534209,10,10,10,""
2016,"2016A105","105fm","105m",2,2,2016-04-09,2016-04-09,2016-04-26,"pred",-106.9579703,23.91048775,5,5,NA,""
2016,"2016A1","CN0201","CN0209",3,3,2016-04-18,2016-04-18,2016-05-12,"hatch",-106.9523869,23.9023064,2,5,5,"511 hatched two chicks, 512 hacth the third chick"
2016,"2016A2","2fm","2m",3,3,2016-04-18,2016-04-18,2016-04-26,"hatch",-106.9510245,23.90444548,11,11,11,"one chick death inside of egg"
2016,"2016A4","CN0101","CA1201",3,3,2016-04-27,2016-04-27,2016-05-19,"hatch",-106.9513063,23.90490238,1,2,2,""
2016,"2016A5","CN0130","CA2273",3,3,2016-04-28,2016-04-28,2016-05-02,"hatch",-106.9558663,23.90511529,11,11,11,"the three chicks broken the egg in 429 but hatched until 502"
2016,"2016A6","CN0211","6m",3,3,2016-04-28,2016-04-28,2016-05-04,"pred",-106.9554985,23.90482202,5,5,5,""
2016,"2016A7","CN0214","CN0227",3,3,2016-04-29,2016-04-29,2016-05-20,"pred",-106.9574466,23.90896855,8,8,8,""
2016,"2016A8","CN0037","CA1224",3,3,2016-04-29,2016-04-29,2016-05-20,"hatch",-106.9567578,23.90822793,5,5,8,""
2016,"2016A9","CA3298","CA3258",3,3,2016-04-29,2016-04-29,2016-05-23,"hatch",-106.9568803,23.90984253,2,5,2,""
2016,"2016A10","CN0218","CN0248",2,2,2016-04-30,2016-04-30,2016-05-30,"aban",-106.9511767,23.90411851,2,2,NA,""
2016,"2016A11","CN0219","CN0223",3,3,2016-04-30,2016-04-30,2016-05-20,"hatch",-106.9507934,23.90344621,5,5,8,""
2016,"2016A201","CN0215","CN0140",2,2,2016-04-29,2016-04-29,2016-05-16,"hatch",-106.9587786,23.90937594,8,10,NA,""
2016,"2016A12","CN0125","CN0222",3,3,2016-05-02,2016-05-02,2016-05-20,"pred",-106.9502807,23.90265817,5,5,5,""
2016,"2016B1","CN0224","CA2596",2,2,2016-05-03,2016-05-03,2016-05-04,"hatch",-106.9623584,23.91165971,11,11,NA,""
2016,"2016B2","CN0226","CN0228",3,3,2016-05-04,2016-05-04,2016-05-26,"aban",-106.9620716,23.91152794,5,5,5,""
2016,"2016E1","1fm","CA1430",2,2,2016-05-06,2016-05-06,2016-05-29,"aban",-106.9601439,23.91785465,8,5,NA,""
2016,"2016D1","CN0118","1m",3,3,2016-05-06,2016-05-06,2016-05-18,"pred",-106.9622673,23.91993126,8,8,8,""
2016,"2016D2","CA3318","CN0245",2,3,2016-05-06,2016-05-06,2016-06-04,"hatch",-106.9613594,23.91834475,1,1,NA,"Nest found 506 with only two eggs, in 508 lay the last egg"
2016,"2016D3","CN0229","CN0015",2,3,2016-05-06,2016-05-06,2016-05-14,"pred",-106.9643548,23.92222499,5,8,NA,""
2016,"2016A13","13fm","13m",1,1,2016-05-10,2016-05-10,2016-05-12,"aban",-106.9570375,23.90854038,0,NA,NA,""
2016,"2016A14","CA3275","CN0230",2,2,2016-05-10,2016-05-10,2016-05-20,"aban",-106.9569131,23.90810858,5,2,NA,""
2016,"2016A16","CN0235","CN0241",2,3,2016-05-11,2016-05-11,2016-05-23,"aban",-106.9571939,23.90849324,5,5,NA,""
2016,"2016A17","CN0238","CN0236",3,3,2016-05-11,2016-05-11,2016-05-28,"hatch",-106.955806,23.90632593,0,2,0,""
2016,"2016A18","18fm","18m",1,1,2016-05-11,2016-05-11,2016-05-14,"aban",-106.9546874,23.90508514,0,NA,NA,""
2016,"2016A106","CN0243","CN0247",3,3,2016-05-15,2016-05-15,2016-06-10,"hatch",-106.9519222,23.90667324,0,2,0,""
2016,"2016B3","CN0029","CN0113",3,3,2016-05-15,2016-05-15,2016-06-06,"hatch",-106.9624832,23.91211859,2,5,5,""
2016,"2016A19","CN0161","CN0123",3,3,2016-05-18,2016-05-18,2016-06-10,"hatch",-106.9563899,23.90727555,2,5,1,""
2016,"2016E2","CN0253","CN0246",3,3,2016-05-18,2016-05-18,2016-05-20,"pred",-106.9599291,23.9192388,2,5,2,""
2016,"2016D4","CN0203","CN0257",3,3,2016-05-20,2016-05-20,2016-06-10,"hatch",-106.9646588,23.92219402,5,5,8,""
2016,"2016C1","1fm","1m",3,3,2016-05-23,2016-05-23,2016-05-23,"pred",-106.9627902,23.91423644,2,5,2,""
2016,"2016A20","CN0118","CA2245",3,3,2016-06-06,2016-06-06,2016-06-21,"hatch",-106.9567224,23.91044044,5,2,2,""
2016,"2016A21","CN0275","CN0267",3,3,2016-06-06,2016-06-06,2016-06-21,"hatch",-106.9569078,23.91036585,2,5,2,""
2016,"2016A22","CN0125","22m",3,3,2016-06-09,2016-06-09,2016-06-10,"pred",-106.9516054,23.90454645,5,2,2,""
2016,"2016A23","23fm","23m",2,2,2016-06-06,2016-06-06,2016-06-09,"hatch",-106.9544285,23.9081131,11,11,NA,""
2016,"2016A24","24fm","24m",3,3,2016-06-09,2016-06-09,2016-06-10,"pred",-106.9545143,23.90794046,8,5,8,""
2016,"2016C2","CN0232","CA2273",3,3,2016-06-16,2016-06-16,2016-07-05,"shrimp farm?",-106.9622221,23.91303383,5,0,2,""
2016,"2016E3","CN0215","3m",3,3,2016-06-16,2016-06-16,2016-06-22,"hatch",-106.9589291,23.91675057,10,10,10,""
2016,"2016C3","CN0276","3m",3,3,2016-06-16,2016-06-16,2016-06-22,"aban",-106.9628348,23.91393792,0,0,0,""
2016,"2016C4","CN0029","CA2596",3,3,2016-06-18,2016-06-18,2016-07-05,"shrimp farm?",-106.9627473,23.91464328,2,5,0,""
2016,"2016A25","CN0285","CN0287",3,3,2016-06-24,2016-06-24,2016-07-05,"shrimp farm?",-106.9576249,23.91037478,5,8,5,""
2016,"2016A26","CN0286","26m",NA,3,2016-06-24,NA,2016-06-26,"hatch",-106.9577343,23.91242293,NA,NA,NA,""
2016,"2016E4","CN0295","CN0294",2,2,2016-07-01,2016-07-01,2016-07-01,"hatch",-106.9616942,23.92100398,11,11,NA,NA
